{
    "acronym": "007f0aa79ac482bceab208e17fdfeaf18e4a4f29",
    "title": "Mamba as Decision Maker: Exploring Multi-scale Sequence Modeling in Offline Reinforcement Learning",
    "seed_ids": [
        "s4",
        "mamba",
        "48329152cc038da5e573834123c43d20654b1b02",
        "9b8130a2a5d3398f4993f540ddd01d440d99d62e",
        "3169a2478154e26fd7f63fdf43cf3a24f1007962",
        "b24e899ec0f77eef2fc87a9b8e50516367aa1f97",
        "38c48a1cd296d16dc9c56717495d6e44cc354444",
        "b72e539c78e061e4e93f8af8299bba3e305c503e",
        "844b22bb025f485d85d00f1f61555a8ff0131658",
        "026b3396a63ed5772329708b7580d633bb86bec9",
        "5a77b508302771fc083bf24e0bcda8553c9b5421",
        "60c8d0619481eaafdd1189af610d0e636271fed5",
        "ac2618b2ce5cdcf86f9371bcca98bc5e37e46f51"
    ],
    "s2id": "007f0aa79ac482bceab208e17fdfeaf18e4a4f29",
    "abstract": "Sequential modeling has demonstrated remarkable capabilities in offline reinforcement learning (RL), with Decision Transformer (DT) being one of the most notable representatives, achieving significant success. However, RL trajectories possess unique properties to be distinguished from the conventional sequence (e.g., text or audio): (1) local correlation, where the next states in RL are theoretically determined solely by current states and actions based on the Markov Decision Process (MDP), and (2) global correlation, where each step's features are related to long-term historical information due to the time-continuous nature of trajectories. In this paper, we propose a novel action sequence predictor, named Mamba Decision Maker (MambaDM), where Mamba is expected to be a promising alternative for sequence modeling paradigms, owing to its efficient modeling of multi-scale dependencies. In particular, we introduce a novel mixer module that proficiently extracts and integrates both global and local features of the input sequence, effectively capturing interrelationships in RL datasets. Extensive experiments demonstrate that MambaDM achieves state-of-the-art performance in Atari and OpenAI Gym datasets. Furthermore, we empirically investigate the scaling laws of MambaDM, finding that increasing model size does not bring performance improvement, but scaling the dataset amount by 2x for MambaDM can obtain up to 33.7% score improvement on Atari dataset. This paper delves into the sequence modeling capabilities of MambaDM in the RL domain, paving the way for future advancements in robust and efficient decision-making systems. Our code will be available at https://github.com/AndyCao1125/MambaDM.",
    "authors": [
        "Jiahang Cao",
        "Qiang Zhang",
        "Ziqing Wang",
        "Jiaxu Wang",
        "Haotai Cheng",
        "Yecheng Shao",
        "Wen Zhao",
        "Gang Han",
        "Yijie Guo",
        "Renjing Xu"
    ],
    "venue": "arXiv.org",
    "year": 2024,
    "tldr": {
        "model": "tldr@v2.0.0",
        "text": "This paper proposes a novel action sequence predictor, named Mamba Decision Maker (MambaDM), where Mamba is expected to be a promising alternative for sequence modeling paradigms, owing to its efficient modeling of multi-scale dependencies."
    },
    "citationCount": 1,
    "influentialCitationCount": 1,
    "code": null,
    "description": null,
    "url": null
}