{
    "acronym": "018df39d439732dfacaf123aa717e41599d79871",
    "title": "Improving Low-resource Prompt-based Relation Representation with Multi-view Decoupling Learning",
    "seed_ids": [
        "gpt",
        "99b0d1cb964c3942c6f6ce30d40d7d8eb4a8e66f",
        "da454295392cf4caaa39cc465734237ffe55392f",
        "85e7d63f75c0916bd350a229e040c5fbb1472e7a"
    ],
    "s2id": "018df39d439732dfacaf123aa717e41599d79871",
    "abstract": ".",
    "authors": [
        "Chenghao Fan",
        "Wei Wei",
        "Xiaoye Qu",
        "Zhenyi Lu",
        "Wenfeng Xie",
        "Yu Cheng",
        "Dangyang Chen"
    ],
    "venue": "arXiv.org",
    "year": 2023,
    "tldr": {
        "model": "tldr@v2.0.0",
        "text": null
    },
    "citationCount": 1,
    "influentialCitationCount": 0,
    "code": null,
    "description": null,
    "url": null
}