{
    "acronym": "01a4ed67afd33bf650fbcb18c5f5473dfc74dc69",
    "title": "Perceptual Structure in the Absence of Grounding for LLMs: The Impact of Abstractedness and Subjectivity in Color Language",
    "seed_ids": [
        "bert",
        "d0086b86103a620a86bc918746df0aa642e2a8a3"
    ],
    "s2id": "01a4ed67afd33bf650fbcb18c5f5473dfc74dc69",
    "abstract": "The need for grounding in language understanding is an active research topic. Previous work has suggested that color perception and color language appear as a suitable test bed to empirically study the problem, given its cognitive significance and showing that there is considerable alignment between a defined color space and the feature space defined by a language model. To further study this issue, we collect a large scale source of colors and their descriptions, containing almost a 1 million examples , and perform an empirical analysis to compare two kinds of alignments: (i) inter-space, by learning a mapping between embedding space and color space, and (ii) intra-space, by means of prompting comparatives between color descriptions. Our results show that while color space alignment holds for monolexemic, highly pragmatic color descriptions, this alignment drops considerably in the presence of examples that exhibit elements of real linguistic usage such as subjectivity and abstractedness, suggesting that grounding may be required in such cases.",
    "authors": [
        "Pablo Loyola",
        "Edison Marrese-Taylor",
        "Andres Hoyos-Idobro"
    ],
    "venue": "arXiv.org",
    "year": 2023,
    "tldr": {
        "model": "tldr@v2.0.0",
        "text": "While color space alignment holds for monolexemic, highly pragmatic color descriptions, this alignment drops considerably in the presence of examples that exhibit elements of real linguistic usage such as subjectivity and abstractedness, suggesting that grounding may be required in such cases."
    },
    "citationCount": 1,
    "influentialCitationCount": 0,
    "code": null,
    "description": null,
    "url": null
}