{
    "acronym": "01d7d75440c36c7d7ea5f781664662b6b143299f",
    "title": "DTrOCR: Decoder-only Transformer for Optical Character Recognition",
    "seed_ids": [
        "gpt",
        "gpt2",
        "f8b89d917065d5e406ba9769be020ba0d95a31ce",
        "9405cc0d6169988371b2755e573cc28650d14dfe"
    ],
    "s2id": "01d7d75440c36c7d7ea5f781664662b6b143299f",
    "abstract": "Typical text recognition methods rely on an encoder-decoder structure, in which the encoder extracts features from an image, and the decoder produces recognized text from these features. In this study, we propose a simpler and more effective method for text recognition, known as the Decoder-only Transformer for Optical Character Recognition (DTrOCR). This method uses a decoder-only Transformer to take advantage of a generative language model that is pre-trained on a large corpus. We examined whether a generative language model that has been successful in natural language processing can also be effective for text recognition in computer vision. Our experiments demonstrated that DTrOCR outperforms current state-of-the-art methods by a large margin in the recognition of printed, handwritten, and scene text in both English and Chinese.",
    "authors": [
        "Masato Fujitake"
    ],
    "venue": "IEEE Workshop/Winter Conference on Applications of Computer Vision",
    "year": 2023,
    "tldr": {
        "model": "tldr@v2.0.0",
        "text": "This study examined whether a generative language model that has been successful in natural language processing can also be effective for text recognition in computer vision, and proposed the Decoder-only Transformer for Optical Character Recognition (DTrOCR)."
    },
    "citationCount": 10,
    "influentialCitationCount": 1,
    "code": null,
    "description": null,
    "url": null
}