{
    "acronym": "01ecc9fd258de68c38d4f11e7fc72744cf9bf453",
    "title": "Set-Based Prompting: Provably Solving the Language Model Order Dependency Problem",
    "seed_ids": [
        "transformer",
        "82460f7995f66f3f035f34ecbd2c82b024282529",
        "3fd5bc3077d04965eaa3498372c39bbdd09d55e4",
        "66c10bf1f11bc1b2d92204d8f8391d087f6de1c4",
        "9405cc0d6169988371b2755e573cc28650d14dfe",
        "c21a4d70d83e0f6eb2a9e1c41d034842dd561e47"
    ],
    "s2id": "01ecc9fd258de68c38d4f11e7fc72744cf9bf453",
    "abstract": "The development of generative language models that can create long and coherent textual outputs via autoregression has lead to a proliferation of uses and a corresponding sweep of analyses as researches work to determine the limitations of this new paradigm. Unlike humans, these 'Large Language Models' (LLMs) are highly sensitive to small changes in their inputs, leading to unwanted inconsistency in their behavior. One problematic inconsistency when LLMs are used to answer multiple-choice questions or analyze multiple inputs is order dependency: the output of an LLM can (and often does) change significantly when sub-sequences are swapped, despite both orderings being semantically identical. In this paper we present Set-Based Prompting, a technique that guarantees the output of an LLM will not have order dependence on a specified set of sub-sequences. We show that this method provably eliminates order dependency, and that it can be applied to any transformer-based LLM to enable text generation that is unaffected by re-orderings. Delving into the implications of our method, we show that, despite our inputs being out of distribution, the impact on expected accuracy is small, where the expectation is over the order of uniformly chosen shuffling of the candidate responses, and usually significantly less in practice. Thus, Set-Based Prompting can be used as a 'dropped-in' method on fully trained models. Finally, we discuss how our method's success suggests that other strong guarantees can be obtained on LLM performance via modifying the input representations.",
    "authors": [
        "Reid McIlroy-Young",
        "Katrina Brown",
        "Conlan Olson",
        "Linjun Zhang",
        "Cynthia Dwork"
    ],
    "venue": "arXiv.org",
    "year": 2024,
    "tldr": {
        "model": "tldr@v2.0.0",
        "text": "It is shown that this method provably eliminates order dependency, and that it can be applied to any transformer-based LLM to enable text generation that is unaffected by re-orderings, and that it can be applied to any transformer-based LLM to enable text generation that is unaffected by re-orderings."
    },
    "citationCount": 0,
    "influentialCitationCount": 0,
    "code": null,
    "description": null,
    "url": null
}