{
    "acronym": "023354e6834780bbf591a000fa895f70d5370f05",
    "title": "Generating Query Focused Summaries without Fine-tuning the Transformer-based Pre-trained Models",
    "seed_ids": [
        "longformer",
        "13850aabbe8b70e99560a42504773a76ab5a4f47",
        "6e6a2fe517b33e1f29d761ae31fb37ddccb9a213",
        "925ad2897d1b5decbea320d07e99afa9110e09b2",
        "395de0bd3837fdf4b4b5e5f04835bcc69c279481",
        "e0c6abdbdecf04ffac65c440da77fb9d66bb474c",
        "9405cc0d6169988371b2755e573cc28650d14dfe"
    ],
    "s2id": "023354e6834780bbf591a000fa895f70d5370f05",
    "abstract": "Fine-tuning the Natural Language Processing (NLP) models for each new data set requires higher computational time associated with increased carbon footprint and cost. However, fine-tuning helps the pre-trained models adapt to the latest data sets; what if we avoid the fine-tuning steps and attempt to generate summaries using just the pre-trained models to reduce computational time and cost. In this paper, we tried to omit the fine-tuning steps and investigate whether the Marginal Maximum Relevance (MMR)-based approach can help the pre-trained models to obtain query-focused summaries directly from a new data set that was not used to pre-train the models. First, we used topic modelling on Wikipedia Current Events Portal (WCEP) and Debatepedia datasets to generate queries for summarization tasks. Then, using MMR, we ranked the sentences of the documents according to the queries. Next, we passed the ranked sentences to seven transformer-based pre-trained models to perform the summarization tasks. Finally, we used the MMR approach again to select the query relevant sentences from the generated summaries of individual pre-trained models and constructed the final summary. As indicated by the experimental results, our MMR-based approach successfully ranked and selected the most relevant sentences as summaries and showed better performance than the individual pre-trained models.",
    "authors": [
        "D. Abdullah",
        "Shamanth Nayak",
        "Gandharv Suri",
        "Yllias Chali"
    ],
    "venue": "arXiv.org",
    "year": 2023,
    "tldr": {
        "model": "tldr@v2.0.0",
        "text": "This paper tried to omit the fine-tuning steps and investigate whether the Marginal Maximum Relevance (MMR)-based approach can help the pre-trained models to obtain query-focused summaries directly from a new data set that was not used to pre-train the models."
    },
    "citationCount": 2,
    "influentialCitationCount": 1,
    "code": null,
    "description": null,
    "url": null
}