{
    "acronym": "023edab4738690444e3924e224c2641017a0d794",
    "title": "Quark: Controllable Text Generation with Reinforced Unlearning",
    "seed_ids": [
        "gpt2",
        "13a0d8bb38f739990c8cd65a44061c6534f17221",
        "d766bffc357127e0dc86dd69561d5aeb520d6f4c",
        "29e3ff317a1a053939af736abd158cdd91577e4e",
        "492a655a67e6ec7423a968cedb70eec0cdbc8e98",
        "76a786b1acd6d1aca56e12a8a1db34569fdf9f3a",
        "053b1d7b97eb2c91fc3921d589c160b0923c70b1",
        "e04a80263d252a3d8a382ba37a249b9345620570",
        "7a15950dc71079285a4eaf195de5aadd87c41b40",
        "75acc731bdd2b626edc74672a30da3bc51010ae8",
        "9405cc0d6169988371b2755e573cc28650d14dfe"
    ],
    "s2id": "023edab4738690444e3924e224c2641017a0d794",
    "abstract": "Large-scale language models often learn behaviors that are misaligned with user expectations. Generated text may contain offensive or toxic language, contain significant repetition, or be of a different sentiment than desired by the user. We consider the task of unlearning these misalignments by fine-tuning the language model on signals of what not to do. We introduce Quantized Reward Konditioning (Quark), an algorithm for optimizing a reward function that quantifies an (un)wanted property, while not straying too far from the original model. Quark alternates between (i) collecting samples with the current language model, (ii) sorting them into quantiles based on reward, with each quantile identified by a reward token prepended to the language model's input, and (iii) using a standard language modeling loss on samples from each quantile conditioned on its reward token, while remaining nearby the original language model via a KL-divergence penalty. By conditioning on a high-reward token at generation time, the model generates text that exhibits less of the unwanted property. For unlearning toxicity, negative sentiment, and repetition, our experiments show that Quark outperforms both strong baselines and state-of-the-art reinforcement learning methods like PPO (Schulman et al. 2017), while relying only on standard language modeling primitives.",
    "authors": [
        "Ximing Lu",
        "Sean Welleck",
        "Liwei Jiang",
        "Jack Hessel",
        "Lianhui Qin",
        "Peter West",
        "Prithviraj Ammanabrolu",
        "Yejin Choi"
    ],
    "venue": "Neural Information Processing Systems",
    "year": 2022,
    "tldr": {
        "model": "tldr@v2.0.0",
        "text": "Quantized Reward Konditioning (Quark), an algorithm for optimizing a reward function that quantifies an (un)wanted property, while not straying too far from the original model, is introduced."
    },
    "citationCount": 157,
    "influentialCitationCount": 21,
    "code": null,
    "description": null,
    "url": null
}