{
    "acronym": "025938c90b7135bd546b3f1f9c388c1512320272",
    "title": "Detection of dangerous events on social media: a critical review",
    "seed_ids": [
        "gpt",
        "transformerxl",
        "3bcb17559ce96eb20fa79af8194f4af0380d194a",
        "e0c6abdbdecf04ffac65c440da77fb9d66bb474c"
    ],
    "s2id": "025938c90b7135bd546b3f1f9c388c1512320272",
    "abstract": null,
    "authors": [
        "M. Jamil",
        "Sebasti\u00e3o Pais",
        "Jo\u00e3o Paulo Cordeiro"
    ],
    "venue": "Social Network Analysis and Mining",
    "year": 2022,
    "tldr": {
        "model": "tldr@v2.0.0",
        "text": "The term dangerous events is introduced and defined in terms of practicality to establish the origins of the events caused by the previous events and their respective relationship and it divides dangerous events into sentiment, scenario, and action-based dangerous events grouped on their similarities."
    },
    "citationCount": 4,
    "influentialCitationCount": 0,
    "code": null,
    "description": null,
    "url": null
}