{
    "acronym": "026b3396a63ed5772329708b7580d633bb86bec9",
    "title": "RWKV: Reinventing RNNs for the Transformer Era",
    "seed_ids": [
        "reformer",
        "flashattn",
        "aft",
        "594d8e1696619f3cebb7c6bffdad8e0a5592f006",
        "be55e8ec4213868db08f2c3168ae666001bea4b8",
        "f393aff1593c2d370ec0ae004910d18e40524967",
        "998ac3e945857cf2676ee7efdbaf443a0c6f820a",
        "5a77b508302771fc083bf24e0bcda8553c9b5421",
        "964bd39b546f0f6625ff3b9ef1083f797807ef2e",
        "bb15f3727f827a3cb88b5d3ca48415c09b40a88f",
        "70e91e16eb321067d9402710e14a40cf28311f73",
        "87c5b281fa43e6f27191b20a8dd694eda1126336",
        "59707fbd3308257628470d94e56c8165bf4e1cff",
        "13a0d8bb38f739990c8cd65a44061c6534f17221",
        "d766bffc357127e0dc86dd69561d5aeb520d6f4c",
        "3dfb1f50f2a34a699c339dabaa6f9b3a977973de",
        "53c3940f35b8b45d55ed49056282e1961954513d",
        "ac2618b2ce5cdcf86f9371bcca98bc5e37e46f51",
        "af679d69fcc1d0fcf0f039aba937853bcb50a8de",
        "d5e999aae76d5270ef272076979c809817458212",
        "b3bf9fe13195e9aa70e1dac04e01fcff7008e812",
        "7e9ff94476f41041c75e253e84f487db00e9c861",
        "7e5709d81558d3ef4265de29ea75931afeb1f2dd",
        "6f68e1bb253925d8431588555d3010419f322e04",
        "c0b79e6a5fd88ef13aa4780df5aae0aaa6b2be87",
        "925ad2897d1b5decbea320d07e99afa9110e09b2",
        "04f4e55e14150b7c48b0287ba77c7443df76ed45",
        "d9f6ada77448664b71128bb19df15765336974a6",
        "8b0f27bb594b1eaaf493eaf1e2ee723a2b0a19ad",
        "92e121c6e114fe3cfb89370df03847c66a9b4e28"
    ],
    "s2id": "026b3396a63ed5772329708b7580d633bb86bec9",
    "abstract": "Transformers have revolutionized almost all natural language processing (NLP) tasks but suffer from memory and computational complexity that scales quadratically with sequence length. In contrast, recurrent neural networks (RNNs) exhibit linear scaling in memory and computational requirements but struggle to match the same performance as Transformers due to limitations in parallelization and scalability. We propose a novel model architecture, Receptance Weighted Key Value (RWKV), that combines the efficient parallelizable training of transformers with the efficient inference of RNNs. Our approach leverages a linear attention mechanism and allows us to formulate the model as either a Transformer or an RNN, thus parallelizing computations during training and maintains constant computational and memory complexity during inference. We scale our models as large as 14 billion parameters, by far the largest dense RNN ever trained, and find RWKV performs on par with similarly sized Transformers, suggesting future work can leverage this architecture to create more efficient models. This work presents a significant step towards reconciling trade-offs between computational efficiency and model performance in sequence processing tasks.",
    "authors": [
        "Bo Peng",
        "Eric Alcaide",
        "Quentin G. Anthony",
        "Alon Albalak",
        "Samuel Arcadinho",
        "Stella Biderman",
        "Huanqi Cao",
        "Xin Cheng",
        "Michael Chung",
        "Matteo Grella",
        "G. Kranthikiran",
        "Xuming He",
        "Haowen Hou",
        "Przemyslaw Kazienko",
        "Jan Koco\u0144",
        "Jiaming Kong",
        "Bartlomiej Koptyra",
        "Hayden Lau",
        "Krishna Sri Ipsit Mantri",
        "Ferdinand Mom",
        "Atsushi Saito",
        "Xiangru Tang",
        "Bolun Wang",
        "J. S. Wind",
        "Stansilaw Wozniak",
        "Ruichong Zhang",
        "Zhenyuan Zhang",
        "Qihang Zhao",
        "P. Zhou",
        "Jian Zhu",
        "Rui Zhu"
    ],
    "venue": "Conference on Empirical Methods in Natural Language Processing",
    "year": 2023,
    "tldr": {
        "model": "tldr@v2.0.0",
        "text": "This work proposes a novel model architecture, Receptance Weighted Key Value (RWKV), that combines the efficient parallelizable training of transformers with the efficient inference of RNNs, and presents a significant step towards reconciling trade-offs between computational efficiency and model performance in sequence processing tasks."
    },
    "citationCount": 256,
    "influentialCitationCount": 28,
    "code": null,
    "description": null,
    "url": null
}