{
    "acronym": "02949dca8d9895f3f93b9b23d69893e3becb2595",
    "title": "PTM-Mamba: A PTM-Aware Protein Language Model with Bidirectional Gated Mamba Blocks",
    "seed_ids": [
        "mamba"
    ],
    "s2id": "02949dca8d9895f3f93b9b23d69893e3becb2595",
    "abstract": "Proteins serve as the workhorses of living organisms, orchestrating a wide array of vital functions. Post-translational modifications (PTMs) of their amino acids greatly influence the structural and functional diversity of different protein types and uphold proteostasis, allowing cells to swiftly respond to environmental changes and intricately regulate complex biological processes. To this point, efforts to model the complex features of proteins have involved the training of large and expressive protein language models (pLMs) such as ESM-2 and ProtT5, which accurately encode structural, functional, and physicochemical properties of input protein sequences. However, the over 200 million sequences that these pLMs were trained on merely scratch the surface of proteomic diversity, as they neither input nor account for the effects of PTMs. In this work, we fill this major gap in protein sequence modeling by introducing PTM tokens into the pLM training regime. We then leverage recent advancements in structured state space models (SSMs), specifically Mamba, which utilizes efficient hardware-aware primitives to overcome the quadratic time complexities of Transformers. After adding a comprehensive set of PTM tokens to the model vocabulary, we train bidirectional Mamba blocks whose outputs are fused with state-of-the-art ESM-2 embeddings via a novel gating mechanism. We demonstrate that our resultant PTM-aware pLM, PTM-Mamba, improves upon ESM-2\u2019s performance on various PTM-specific tasks. PTM-Mamba is the first and only pLM that can uniquely input and represent both wild-type and PTM sequences, motivating downstream modeling and design applications specific to post-translationally modified proteins. To facilitate PTM-aware protein language modeling applications, we have made our model available at: https://huggingface.co/ChatterjeeLab/PTM-Mamba.",
    "authors": [
        "Zhangzhi Peng",
        "Benjamin Schussheim",
        "Pranam Chatterjee"
    ],
    "venue": "bioRxiv",
    "year": 2024,
    "tldr": {
        "model": "tldr@v2.0.0",
        "text": "The resultant PTM-aware pLM, PTM-Mamba, is the first and only pLM that can uniquely input and represent both wild-type and PTM sequences, motivating downstream modeling and design applications specific to post-translationally modified proteins."
    },
    "citationCount": 2,
    "influentialCitationCount": 0,
    "code": null,
    "description": null,
    "url": null
}