{
    "acronym": "02c779133a79bfc480f4b2adfa44646691d73c51",
    "title": "Dialogues Are Not Just Text: Modeling Cognition for Dialogue Coherence Evaluation",
    "seed_ids": [
        "bert",
        "ba2a423d8c7ae6cfa3424fb13bdbe3a35e5f2273",
        "395de0bd3837fdf4b4b5e5f04835bcc69c279481",
        "d81f4f03913a0087e9b623f6d0dbd9f169b971f5"
    ],
    "s2id": "02c779133a79bfc480f4b2adfa44646691d73c51",
    "abstract": "The generation of logically coherent dialogues by humans relies on underlying cognitive abilities. Based on this, we redefine the dialogue coherence evaluation process, combining cognitive judgment with the basic text to achieve a more human-like evaluation. We propose a novel dialogue evaluation framework based on Dialogue Cognition Graph (DCGEval) to implement the fusion by in-depth interaction between cognition modeling and text modeling. The proposed Abstract Meaning Representation (AMR) based graph structure called DCG aims to uniformly model four dialogue cognitive abilities. Specifically, core-semantic cognition is modeled by converting the utterance into an AMR graph, which can extract essential semantic information without redundancy. The temporal and role cognition are modeled by establishing logical relationships among the different AMR graphs. Finally, the commonsense knowledge from ConceptNet is fused to express commonsense cognition. Experiments demonstrate the necessity of modeling human cognition for\ndialogue evaluation, and our DCGEval presents stronger correlations with human judgments compared to other state-of-the-art evaluation metrics.",
    "authors": [
        "Xue Li",
        "Jia Su",
        "Yang Yang",
        "Zipeng Gao",
        "Xinyu Duan",
        "Yi Guan"
    ],
    "venue": "AAAI Conference on Artificial Intelligence",
    "year": 2024,
    "tldr": {
        "model": "tldr@v2.0.0",
        "text": "This work proposes a novel dialogue evaluation framework based on Dialogue Cognition Graph (DCGEval) to implement the fusion by in-depth interaction between cognition modeling and text modeling, and aims to uniformly model four dialogue cognitive abilities."
    },
    "citationCount": 0,
    "influentialCitationCount": 0,
    "code": null,
    "description": null,
    "url": null
}