{
    "acronym": "02ffeb8cb7a1d1336e0e135c7c1000610ae7b942",
    "title": "On Training Data Influence of GPT Models",
    "seed_ids": [
        "bert",
        "d6a546b23c3b67aa2dc2d03ef3e7692f031ebd2d",
        "be55e8ec4213868db08f2c3168ae666001bea4b8",
        "13a0d8bb38f739990c8cd65a44061c6534f17221",
        "9405cc0d6169988371b2755e573cc28650d14dfe"
    ],
    "s2id": "02ffeb8cb7a1d1336e0e135c7c1000610ae7b942",
    "abstract": "Amidst the rapid advancements in generative language models, the investigation of how training data shapes the performance of GPT models is still emerging. This paper presents GPTfluence, a novel approach that leverages a featurized simulation to assess the impact of training examples on the training dynamics of GPT models. Our approach not only traces the influence of individual training instances on performance trajectories, such as loss and other key metrics, on targeted test points but also enables a comprehensive comparison with existing methods across various training scenarios in GPT models, ranging from 14 million to 2.8 billion parameters, across a range of downstream tasks. Contrary to earlier methods that struggle with generalization to new data, GPTfluence introduces a parameterized simulation of training dynamics, demonstrating robust generalization capabilities to unseen training data. This adaptability is evident across both fine-tuning and instruction-tuning scenarios, spanning tasks in natural language understanding and generation. We will make our code and data publicly available.",
    "authors": [
        "Qingyi Liu",
        "Yekun Chai",
        "Shuohuan Wang",
        "Yu Sun",
        "Keze Wang",
        "Hua Wu"
    ],
    "venue": "arXiv.org",
    "year": 2024,
    "tldr": {
        "model": "tldr@v2.0.0",
        "text": "GPTfluence introduces a parameterized simulation of training dynamics, demonstrating robust generalization capabilities to unseen training data across both fine-tuning and instruction-tuning scenarios, spanning tasks in natural language understanding and generation."
    },
    "citationCount": 0,
    "influentialCitationCount": 0,
    "code": null,
    "description": null,
    "url": null
}