{
    "acronym": "031e4e43aaffd7a479738dcea69a2d5be7957aa3",
    "title": "ERNIE: Enhanced Representation through Knowledge Integration",
    "seed_ids": [
        "gpt",
        "ec4eba83f6b3266d9ae7cabb2b2cb1518f727edc",
        "9405cc0d6169988371b2755e573cc28650d14dfe"
    ],
    "s2id": "031e4e43aaffd7a479738dcea69a2d5be7957aa3",
    "abstract": "We present a novel language representation model enhanced by knowledge called ERNIE (Enhanced Representation through kNowledge IntEgration). Inspired by the masking strategy of BERT, ERNIE is designed to learn language representation enhanced by knowledge masking strategies, which includes entity-level masking and phrase-level masking. Entity-level strategy masks entities which are usually composed of multiple words.Phrase-level strategy masks the whole phrase which is composed of several words standing together as a conceptual unit.Experimental results show that ERNIE outperforms other baseline methods, achieving new state-of-the-art results on five Chinese natural language processing tasks including natural language inference, semantic similarity, named entity recognition, sentiment analysis and question answering. We also demonstrate that ERNIE has more powerful knowledge inference capacity on a cloze test.",
    "authors": [
        "Yu Sun",
        "Shuohuan Wang",
        "Yukun Li",
        "Shikun Feng",
        "Xuyi Chen",
        "Han Zhang",
        "Xin Tian",
        "Danxiang Zhu",
        "Hao Tian",
        "Hua Wu"
    ],
    "venue": "arXiv.org",
    "year": 2019,
    "tldr": {
        "model": "tldr@v2.0.0",
        "text": "Experimental results show that ERNIE outperforms other baseline methods, achieving new state-of-the-art results on five Chinese natural language processing tasks including natural language inference, semantic similarity, named entity recognition, sentiment analysis and question answering."
    },
    "citationCount": 789,
    "influentialCitationCount": 113,
    "code": null,
    "description": null,
    "url": null
}