{
    "acronym": "034c26fbff61cd369df230fd8adba9abea4ce8a2",
    "title": "Improving abstractive summarization of legal rulings through textual entailment",
    "seed_ids": [
        "routingtransformer",
        "925ad2897d1b5decbea320d07e99afa9110e09b2",
        "657329c633709dd1ac34a30d57341b186b1a47c2",
        "34a4e6818d680875ff0bef9a76de0376118446d1",
        "395de0bd3837fdf4b4b5e5f04835bcc69c279481",
        "203b543bfa1e564bb80ff4229b43174d7c71b0c0"
    ],
    "s2id": "034c26fbff61cd369df230fd8adba9abea4ce8a2",
    "abstract": null,
    "authors": [
        "Diego de Vargas Feij\u00f3",
        "V. Moreira"
    ],
    "venue": "Artificial Intelligence and Law",
    "year": 2021,
    "tldr": {
        "model": "tldr@v2.0.0",
        "text": "The method called LegalSumm is proposed for addressing issues by creating different \u201cviews\u201d over the source text, training summarization models to generate independent versions of summaries, and applying entailment module to judge how faithful these candidate summaries are with respect to the sourcetext."
    },
    "citationCount": 31,
    "influentialCitationCount": 2,
    "code": null,
    "description": null,
    "url": null
}