{
    "acronym": "036e64698594bdec9a70ef1b74e2be467a25e136",
    "title": "Turkish abstractive text summarization using pretrained sequence-to-sequence models",
    "seed_ids": [
        "gpt",
        "25db56fc85fe15625c3375064a35e908ba6dfd2a",
        "395de0bd3837fdf4b4b5e5f04835bcc69c279481",
        "e0c6abdbdecf04ffac65c440da77fb9d66bb474c",
        "145b8b5d99a2beba6029418ca043585b90138d12"
    ],
    "s2id": "036e64698594bdec9a70ef1b74e2be467a25e136",
    "abstract": "Abstract The tremendous amount of increase in the number of documents available on the Web has turned finding the relevant piece of information into a challenging, tedious, and time-consuming activity. Accordingly, automatic text summarization has become an important field of study by gaining significant attention from the researchers. Lately, with the advances in deep learning, neural abstractive text summarization with sequence-to-sequence (Seq2Seq) models has gained popularity. There have been many improvements in these models such as the use of pretrained language models (e.g., GPT, BERT, and XLM) and pretrained Seq2Seq models (e.g., BART and T5). These improvements have addressed certain shortcomings in neural summarization and have improved upon challenges such as saliency, fluency, and semantics which enable generating higher quality summaries. Unfortunately, these research attempts were mostly limited to the English language. Monolingual BERT models and multilingual pretrained Seq2Seq models have been released recently providing the opportunity to utilize such state-of-the-art models in low-resource languages such as Turkish. In this study, we make use of pretrained Seq2Seq models and obtain state-of-the-art results on the two large-scale Turkish datasets, TR-News and MLSum, for the text summarization task. Then, we utilize the title information in the datasets and establish hard baselines for the title generation task on both datasets. We show that the input to the models has a substantial amount of importance for the success of such tasks. Additionally, we provide extensive analysis of the models including cross-dataset evaluations, various text generation options, and the effect of preprocessing in ROUGE evaluations for Turkish. It is shown that the monolingual BERT models outperform the multilingual BERT models on all tasks across all the datasets. Lastly, qualitative evaluations of the generated summaries and titles of the models are provided.",
    "authors": [
        "Batuhan Baykara",
        "Tunga G\u00fcng\u00f6r"
    ],
    "venue": "Natural Language Engineering",
    "year": 2022,
    "tldr": {
        "model": "tldr@v2.0.0",
        "text": "This study makes use of pretrained Seq2Seq models and obtains state-of-the-art results on the two large-scale Turkish datasets, TR-News and MLSum, for the text summarization task and shows that the input to the models has a substantial amount of importance for the success of such tasks."
    },
    "citationCount": 6,
    "influentialCitationCount": 0,
    "code": null,
    "description": null,
    "url": null
}