{
    "acronym": "03c046041bc509f2cc9671ee71a78642275b77c3",
    "title": "Challenges for Information Extraction from Dialogue in Criminal Law",
    "seed_ids": [
        "longformer",
        "925ad2897d1b5decbea320d07e99afa9110e09b2",
        "6ff68b34a5f78bdd14437fe5a79aebbc42c26467",
        "9405cc0d6169988371b2755e573cc28650d14dfe"
    ],
    "s2id": "03c046041bc509f2cc9671ee71a78642275b77c3",
    "abstract": "Information extraction and question answering have the potential to introduce a new paradigm for how machine learning is applied to criminal law. Existing approaches generally use tabular data for predictive metrics. An alternative approach is needed for matters of equitable justice, where individuals are judged on a case-by-case basis, in a process involving verbal or written discussion and interpretation of case factors. Such discussions are individualized, but they nonetheless rely on underlying facts. Information extraction can play an important role in surfacing these facts, which are still important to understand. We analyze unsupervised, weakly supervised, and pre-trained models\u2019 ability to extract such factual information from the free-form dialogue of California parole hearings. With a few exceptions, most F1 scores are below 0.85. We use this opportunity to highlight some opportunities for further research for information extraction and question answering. We encourage new developments in NLP to enable analysis and review of legal cases to be done in a post-hoc, not predictive, manner.",
    "authors": [
        "Jenny Hong",
        "Catalin Voss",
        "Christopher D. Manning"
    ],
    "venue": "NLP4POSIMPACT",
    "year": 2021,
    "tldr": {
        "model": "tldr@v2.0.0",
        "text": "This work analyzes unsupervised, weakly supervised, and pre-trained models\u2019 ability to extract factual information from the free-form dialogue of California parole hearings and encourages new developments in NLP to enable analysis and review of legal cases to be done in a post-hoc, not predictive, manner."
    },
    "citationCount": 7,
    "influentialCitationCount": 0,
    "code": null,
    "description": null,
    "url": null
}