{
    "acronym": "03c0a606b8f9bdbc4832cb061ad524fb5d16287b",
    "title": "Vision-and-Language Navigation Today and Tomorrow: A Survey in the Era of Foundation Models",
    "seed_ids": [
        "bert",
        "c5e787caef8da20a8537fefd587531335c03ce72",
        "5f69ca8747fecc743fa6d37027256fda9eac0d95",
        "13d12b26db345f62e8e512db181b96a7f8763b47",
        "52f166d02d7b4367fc9ee30692810b35fbd2f21f",
        "ff6d17044ac6292b9ceb87d80b11f0e269bdc543",
        "104f75283ae9027eb478e7984bd26b680277ce6f"
    ],
    "s2id": "03c0a606b8f9bdbc4832cb061ad524fb5d16287b",
    "abstract": "Vision-and-Language Navigation (VLN) has gained increasing attention over recent years and many approaches have emerged to advance their development. The remarkable achievements of foundation models have shaped the challenges and proposed methods for VLN research. In this survey, we provide a top-down review that adopts a principled framework for embodied planning and reasoning, and emphasizes the current methods and future opportunities leveraging foundation models to address VLN challenges. We hope our in-depth discussions could provide valuable resources and insights: on one hand, to milestone the progress and explore opportunities and potential roles for foundation models in this field, and on the other, to organize different challenges and solutions in VLN to foundation model researchers.",
    "authors": [
        "Yue Zhang",
        "Ziqiao Ma",
        "Jialu Li",
        "Yanyuan Qiao",
        "Zun Wang",
        "Joyce Chai",
        "Qi Wu",
        "Mohit Bansal",
        "Parisa Kordjamshidi"
    ],
    "venue": "",
    "year": 2024,
    "tldr": {
        "model": "tldr@v2.0.0",
        "text": "A top-down review that adopts a principled framework for embodied planning and reasoning, and emphasizes the current methods and future opportunities leveraging foundation models to address VLN challenges is provided."
    },
    "citationCount": 0,
    "influentialCitationCount": 0,
    "code": null,
    "description": null,
    "url": null
}