{
    "acronym": "0439bbee19b4fba596d1e2498b3f45ca265432ba",
    "title": "Ground-A-Video: Zero-shot Grounded Video Editing using Text-to-image Diffusion Models",
    "seed_ids": [
        "classfreediffu",
        "8745157f991013b23fbb79d300ba560f9005c8d4",
        "498ac9b2e494601d20a3d0211c16acf2b7954a54",
        "c57293882b2561e1ba03017902df9fc2f289dea2",
        "c10075b3746a9f3dd5811970e93c8ca3ad39b39d"
    ],
    "s2id": "0439bbee19b4fba596d1e2498b3f45ca265432ba",
    "abstract": "Recent endeavors in video editing have showcased promising results in single-attribute editing or style transfer tasks, either by training text-to-video (T2V) models on text-video data or adopting training-free methods. However, when confronted with the complexities of multi-attribute editing scenarios, they exhibit shortcomings such as omitting or overlooking intended attribute changes, modifying the wrong elements of the input video, and failing to preserve regions of the input video that should remain intact. To address this, here we present a novel grounding-guided video-to-video translation framework called Ground-A-Video for multi-attribute video editing. Ground-A-Video attains temporally consistent multi-attribute editing of input videos in a training-free manner without aforementioned shortcomings. Central to our method is the introduction of Cross-Frame Gated Attention which incorporates groundings information into the latent representations in a temporally consistent fashion, along with Modulated Cross-Attention and optical flow guided inverted latents smoothing. Extensive experiments and applications demonstrate that Ground-A-Video's zero-shot capacity outperforms other baseline methods in terms of edit-accuracy and frame consistency. Further results and code are available at our project page (http://ground-a-video.github.io).",
    "authors": [
        "Hyeonho Jeong",
        "Jong Chul Ye"
    ],
    "venue": "arXiv.org",
    "year": 2023,
    "tldr": {
        "model": "tldr@v2.0.0",
        "text": "A novel grounding-guided video-to-video translation framework called Ground-A-Video for multi-attribute video editing that attains temporally consistent multi-attribute editing of input videos in a training-free manner without aforementioned shortcomings."
    },
    "citationCount": 20,
    "influentialCitationCount": 1,
    "code": null,
    "description": null,
    "url": null
}