{
    "acronym": "0448656a78e26b9a2899cf85447f800deda8f5f3",
    "title": "Scalable Pre-training of Large Autoregressive Image Models",
    "seed_ids": [
        "gpt2",
        "d766bffc357127e0dc86dd69561d5aeb520d6f4c",
        "6351ebb4a3287f5f3e1273464b3b91e5df5a16d7",
        "2cd605106b88c85d7d8b865b1ef0f8c8293debf1",
        "9405cc0d6169988371b2755e573cc28650d14dfe"
    ],
    "s2id": "0448656a78e26b9a2899cf85447f800deda8f5f3",
    "abstract": "This paper introduces AIM, a collection of vision models pre-trained with an autoregressive objective. These models are inspired by their textual counterparts, i.e., Large Language Models (LLMs), and exhibit similar scaling properties. Specifically, we highlight two key findings: (1) the performance of the visual features scale with both the model capacity and the quantity of data, (2) the value of the objective function correlates with the performance of the model on downstream tasks. We illustrate the practical implication of these findings by pre-training a 7 billion parameter AIM on 2 billion images, that achieves 84.0% on ImageNet-1k with a frozen trunk. Interestingly, even at this scale, we observe no sign of saturation in performance, suggesting that AIM potentially represents a new frontier for training large-scale vision models. The pre-training of AIM is similar to the pre-training of LLMs, and does not require any image-specific strategy to stabilize the training at scale.",
    "authors": [
        "Alaaeldin El-Nouby",
        "Michal Klein",
        "Shuangfei Zhai",
        "Miguel Angel Bautista",
        "Alexander Toshev",
        "Vaishaal Shankar",
        "J. Susskind",
        "Armand Joulin"
    ],
    "venue": "arXiv.org",
    "year": 2024,
    "tldr": {
        "model": "tldr@v2.0.0",
        "text": "Two key findings are highlighted: (1) the performance of the visual features scale with both the model capacity and the quantity of data, and (2) the value of the objective function correlates with the performance of the model on downstream tasks."
    },
    "citationCount": 28,
    "influentialCitationCount": 3,
    "code": null,
    "description": null,
    "url": null
}