{
    "acronym": "0476fe2b42398f3482946fff2d5392e22662a248",
    "title": "Deconfounding Legal Judgment Prediction for European Court of Human Rights Cases Towards Better Alignment with Experts",
    "seed_ids": [
        "neurallegal",
        "fd33e77884e69f6bc099990fc2790248af2749d9",
        "0f655ded8a5e0a1e3770f59b9eadb7f68065f7d7",
        "a72d2ea54675284185e46a7a2f661e87529783bc",
        "29584ed6d68a06fdf91440a018f6bc83a44fd177",
        "b97f6c541e06e0200e53bb4361818af975a36336",
        "cc2d1a66c701e9be9124eb95431b6c3dd79a61d3",
        "95b4ed2e757189ff02c7840d0dc04c1bc3c88f5c"
    ],
    "s2id": "0476fe2b42398f3482946fff2d5392e22662a248",
    "abstract": "This work demonstrates that Legal Judgement Prediction systems without expert-informed adjustments can be vulnerable to shallow, distracting surface signals that arise from corpus construction, case distribution, and confounding factors. To mitigate this, we use domain expertise to strategically identify statistically predictive but legally irrelevant information. We adopt adversarial training to prevent the system from relying on it. We evaluate our deconfounded models by employing interpretability techniques and comparing to expert annotations. Quantitative experiments and qualitative analysis show that our deconfounded model consistently aligns better with expert rationales than baselines trained for prediction only. We further contribute a set of reference expert annotations to the validation and testing partitions of an existing benchmark dataset of European Court of Human Rights cases.",
    "authors": [
        "Santosh T.Y.S.S",
        "Shanshan Xu",
        "O. Ichim",
        "Matthias Grabmair"
    ],
    "venue": "Conference on Empirical Methods in Natural Language Processing",
    "year": 2022,
    "tldr": {
        "model": "tldr@v2.0.0",
        "text": "This work demonstrates that Legal Judgement Prediction systems without expert-informed adjustments can be vulnerable to shallow, distracting surface signals that arise from corpus construction, case distribution, and confounding factors, and adopts adversarial training to prevent the system from relying on it."
    },
    "citationCount": 18,
    "influentialCitationCount": 0,
    "code": null,
    "description": null,
    "url": null
}