{
    "acronym": "04c28a8e3ae31cfdbe0bef513befabc86bb6adf6",
    "title": "Transformer Encoder with Protein Language Model for Protein Secondary Structure Prediction",
    "seed_ids": [
        "transformer"
    ],
    "s2id": "04c28a8e3ae31cfdbe0bef513befabc86bb6adf6",
    "abstract": "In bioinformatics, protein secondary structure prediction plays a significant role in understanding protein function and interactions. This study presents the TE_SS approach, which uses a transformer encoder-based model and the Ankh protein language model to predict protein secondary structures. The research focuses on the prediction of nine classes of structures, according to the Dictionary of Secondary Structure of Proteins (DSSP) version 4. The model's performance was rigorously evaluated using various datasets. Additionally, this study compares the model with the state-of-the-art methods in the prediction of eight structure classes. The findings reveal that TE_SS excels in nine- and three-class structure predictions while also showing remarkable proficiency in the eight-class category. This is underscored by its performance in Qs and SOV evaluation metrics, demonstrating its capability to discern complex protein sequence patterns. This advancement provides a significant tool for protein structure analysis, thereby enriching the field of bioinformatics.",
    "authors": [
        "A. Kazm",
        "Aida Ali",
        "Haslina Hashim"
    ],
    "venue": "Engineering, Technology &amp; Applied Science Research",
    "year": 2024,
    "tldr": {
        "model": "tldr@v2.0.0",
        "text": "The findings reveal that TE_SS excels in nine- and three-class structure predictions while also showing remarkable proficiency in the eight-class category, providing a significant tool for protein structure analysis, thereby enriching the field of bioinformatics."
    },
    "citationCount": 2,
    "influentialCitationCount": 0,
    "code": null,
    "description": null,
    "url": null
}