{
    "acronym": "04fb4b1d88f485cacba6e90c1137448f0d770498",
    "title": "TAIL: Task-specific Adapters for Imitation Learning with Large Pretrained Models",
    "seed_ids": [
        "gpt2",
        "25425e299101b13ec2872417a14f961f4f8aa18e",
        "29ddc1f43f28af7c846515e32cc167bc66886d0c",
        "9405cc0d6169988371b2755e573cc28650d14dfe"
    ],
    "s2id": "04fb4b1d88f485cacba6e90c1137448f0d770498",
    "abstract": "The full potential of large pretrained models remains largely untapped in control domains like robotics. This is mainly because of the scarcity of data and the computational challenges associated with training or fine-tuning these large models for such applications. Prior work mainly emphasizes either effective pretraining of large models for decision-making or single-task adaptation. But real-world problems will require data-efficient, continual adaptation for new control tasks. Recognizing these constraints, we introduce TAIL (Task-specific Adapters for Imitation Learning), a framework for efficient adaptation to new control tasks. Inspired by recent advancements in parameter-efficient fine-tuning in language domains, we explore efficient fine-tuning techniques -- e.g., Bottleneck Adapters, P-Tuning, and Low-Rank Adaptation (LoRA) -- in TAIL to adapt large pretrained models for new tasks with limited demonstration data. Our extensive experiments in large-scale language-conditioned manipulation tasks comparing prevalent parameter-efficient fine-tuning techniques and adaptation baselines suggest that TAIL with LoRA can achieve the best post-adaptation performance with only 1\\% of the trainable parameters of full fine-tuning, while avoiding catastrophic forgetting and preserving adaptation plasticity in continual learning settings.",
    "authors": [
        "Zuxin Liu",
        "Jesse Zhang",
        "Kavosh Asadi",
        "Yao Liu",
        "Ding Zhao",
        "Shoham Sabach",
        "Rasool Fakoor"
    ],
    "venue": "arXiv.org",
    "year": 2023,
    "tldr": {
        "model": "tldr@v2.0.0",
        "text": "TAIL with LoRA can achieve the best post-adaptation performance with only 1\\% of the trainable parameters of full fine-tuning, while avoiding catastrophic forgetting and preserving adaptation plasticity in continual learning settings."
    },
    "citationCount": 5,
    "influentialCitationCount": 0,
    "code": null,
    "description": null,
    "url": null
}