{
    "acronym": "051507e326f9859934ffcc3f4e5f50987bb25b8c",
    "title": "Automatic story and item generation for reading comprehension assessments with transformers",
    "seed_ids": [
        "gpt2",
        "9405cc0d6169988371b2755e573cc28650d14dfe"
    ],
    "s2id": "051507e326f9859934ffcc3f4e5f50987bb25b8c",
    "abstract": "Reading comprehension is one of the essential skills for students as they make a transition from learning to read to reading to learn. Over the last decade, the increased use of digital learning materials for promoting literacy skills (e.g., oral fluency and reading comprehension) in K-12 classrooms has been a boon for teachers. However, instant access to reading materials, as well as relevant assessment tools for evaluating students\u2019 comprehension skills, remains to be a problem. Teachers must spend many hours looking for suitable materials for their students because high-quality reading materials and assessments are primarily available through commercial literacy programs and websites. This study proposes a promising solution to this problem by employing an artificial intelligence (AI) approach. We demonstrate how to use advanced language models (e.g., OpenAI\u2019s GPT-2 and Google\u2019s T5) to automatically generate reading passages and items. Our preliminary findings suggest that with additional training and fine-tuning, open-source language models could be used to support the instruction and assessment of reading comprehension skills in the classroom. For both automatic story and item generation, the language models performed reasonably; however, the outcomes of these language models still require a human evaluation and further adjustments before sharing them with students. Practical implications of the findings and future research directions are discussed.",
    "authors": [
        "O. Bulut",
        "S. Yildirim-Erbasli"
    ],
    "venue": "International Journal of Assessment Tools in Education",
    "year": 2022,
    "tldr": {
        "model": "tldr@v2.0.0",
        "text": "This study demonstrates how to use advanced language models to automatically generate reading passages and items and suggests that with additional training and fine-tuning, open-source language models could be used to support the instruction and assessment of reading comprehension skills in the classroom."
    },
    "citationCount": 3,
    "influentialCitationCount": 0,
    "code": null,
    "description": null,
    "url": null
}