{
    "acronym": "05170ace0befc35e7e84dd8dd21cb3beee99349a",
    "title": "Comparison of Transformer-based Architectures for Product Categorization",
    "seed_ids": [
        "gpt2",
        "bert",
        "c61d54644e9aedcfc756e5d6fe4cc8b78c87755d",
        "a022bda79947d1f656a1164003c1b3ae9a843df9",
        "9405cc0d6169988371b2755e573cc28650d14dfe"
    ],
    "s2id": "05170ace0befc35e7e84dd8dd21cb3beee99349a",
    "abstract": "The fast & continuous evolution of e-commerce search engines globally has encouraged researchers & industry specialists alike to improve product categorization models to elevate user experience. Also, the revolutionary emergence of large language models has given us the opportunity to capture the complex relationships and dependencies found in large datasets that we were not able to discover with traditional techniques, and not to mention the multitude of other natural language understanding tasks it performs. In this paper, we aim to evaluate different transformer-based architectures on the Amazon Shopping Queries dataset to determine which architecture is well-suited for the task of product categorization within an e-commerce platform.",
    "authors": [
        "Cherine Mohamed",
        "Abeer Hamdy"
    ],
    "venue": "International Conferences on Computing Advancements",
    "year": 2023,
    "tldr": {
        "model": "tldr@v2.0.0",
        "text": "This paper aims to evaluate different transformer-based architectures on the Amazon Shopping Queries dataset to determine which architecture is well-suited for the task of product categorization within an e-commerce platform."
    },
    "citationCount": 0,
    "influentialCitationCount": 0,
    "code": null,
    "description": null,
    "url": null
}