{
    "acronym": "05412305a15b93ac998f5c2f4e46a6e386220e52",
    "title": "CoRec: An Easy Approach for Coordination Recognition",
    "seed_ids": [
        "bert"
    ],
    "s2id": "05412305a15b93ac998f5c2f4e46a6e386220e52",
    "abstract": "In this paper, we observe and address the challenges of the coordination recognition task. Most existing methods rely on syntactic parsers to identify the coordinators in a sentence and detect the coordination boundaries. However, state-of-the-art syntactic parsers are slow and suffer from errors, especially for long and complicated sentences. To better solve the problems, we propose a pipeline model COordination RECognizer (CoRec). It consists of two components: coordinator identifier and conjunct boundary detector. The experimental results on datasets from various domains demonstrate the effectiveness and efficiency of the proposed method. Further experiments show that CoRec positively impacts downstream tasks, improving the yield of state-of-the-art Open IE models.",
    "authors": [
        "Gabor Angeli",
        "M. Premkumar"
    ],
    "venue": "Conference on Empirical Methods in Natural Language Processing",
    "year": 2023,
    "tldr": {
        "model": "tldr@v2.0.0",
        "text": "A pipeline model COordination RECognizer, which consists of two components: coordinator identifier and conjunct boundary detector, which demonstrates the effectiveness and efficiency of the proposed method and positively impacts downstream tasks."
    },
    "citationCount": 0,
    "influentialCitationCount": 0,
    "code": null,
    "description": null,
    "url": null
}