{
    "acronym": "05b22d6ec2cff81bcfbac2a6cf67bc1e9ef0f60a",
    "title": "Improving Transformer with an Admixture of Attention Heads",
    "seed_ids": [
        "flowformer",
        "260b9388c90b497218b591a9a0e2742b7e0951e5",
        "9b61adb6f0d1e8831ab2f5481a12e2125b13c50a",
        "48af9b314181b04edcc0b7224ffe4689036b755f",
        "37abe53ed31caa23ae833b2e67bb4aa1892e8d25",
        "9ed25f101f19ea735ca300848948ed64064b97ca",
        "1a703f08da01cf737cce3fb9064259b3f4b44e9c",
        "3fbf6339273c50b04e886fa9bd4ad18c952a683d",
        "6f68e1bb253925d8431588555d3010419f322e04",
        "c0b79e6a5fd88ef13aa4780df5aae0aaa6b2be87",
        "925ad2897d1b5decbea320d07e99afa9110e09b2",
        "657329c633709dd1ac34a30d57341b186b1a47c2",
        "34a4e6818d680875ff0bef9a76de0376118446d1",
        "2cf3bd0cc1382f35384e259d99e4f9744eeaed28",
        "366244acdd930e488ae224ab6e2a92dc24aa7e06",
        "8cef9900c04d7f661c08f4b5b1ed4337ace042a3",
        "80cf2a6af4200ecfca1c18fc89de16148f1cd4bf",
        "f6390beca54411b06f3bde424fb983a451789733",
        "84898960f68fa78296a102edc8ac81739f9a9408",
        "830995ef17cc291c13f42dfd9f462137de1d2179",
        "e0c6abdbdecf04ffac65c440da77fb9d66bb474c",
        "16c844fd4d97f3c6eb38b0d6527c87d184efedc3",
        "955f90930d48750e7239478b4eed440eb84131cd",
        "c8b25fab5608c3e033d34b4483ec47e68ba109b7",
        "9405cc0d6169988371b2755e573cc28650d14dfe"
    ],
    "s2id": "05b22d6ec2cff81bcfbac2a6cf67bc1e9ef0f60a",
    "abstract": "Transformers with multi-head self-attention have achieved remarkable success in sequence modeling and beyond. However, they suffer from high computational and memory complexities for computing the attention matrix at each head. Recently, it has been shown that those attention matrices lie on a low-dimensional manifold and, thus, are redundant. We propose the Transformer with a Finite Admixture of Shared Heads (FiSHformers), a novel class of efficient and flexible transformers that allow the sharing of attention matrices between attention heads. At the core of FiSHformer is a novel finite admixture model of shared heads (FiSH) that samples attention matrices from a set of global attention matrices. The number of global attention matrices is much smaller than the number of local attention matrices generated. FiSHformers directly learn these global attention matrices rather than the local ones as in other transformers, thus significantly improving the computational and memory efficiency of the model. We empirically verify the advantages of the FiSHformer over the baseline transformers in a wide range of practical applications including language modeling, machine translation, and image classification. On the WikiText-103, IWSLT\u201914 De-En and WMT\u201914",
    "authors": [
        "T. Nguyen",
        "Tam Nguyen",
        "Hai Do",
        "Khai Nguyen",
        "Vishwanath Saragadam",
        "Minh Pham",
        "Duy Khuong Nguyen",
        "Nhat Ho",
        "S. Osher"
    ],
    "venue": "Neural Information Processing Systems",
    "year": 2022,
    "tldr": {
        "model": "tldr@v2.0.0",
        "text": "The proposed Transformer with a Finite Admixture of Shared Heads (FiSHformers), a novel class of efficient and flexible transformers that allow the sharing of attention matrices between attention heads, empirically verify the advantages of the FiSHformer over the baseline transformers in a wide range of practical applications including language modeling, machine translation, and image classification."
    },
    "citationCount": 15,
    "influentialCitationCount": 1,
    "code": null,
    "description": null,
    "url": null
}