{
    "acronym": "05c1dc502ed51162580ccd320d5668d2fec94a7a",
    "title": "Mechanistic Design and Scaling of Hybrid Architectures",
    "seed_ids": [
        "hyena",
        "mamba",
        "gla",
        "hyenadistill",
        "85447eeb6e5276e713957835125a2273f9ac0694",
        "62b18cc55dcc7ffe52c28e1086aee893b7bc4334",
        "cb0ac335adda4ceef9987cbcbca9129e71c37f0a",
        "77b046c5d568b329a927cfc895ea2e6c8f43ff43",
        "bfd2b76998a0521c12903ef5ced517adf70ad2ba",
        "d2d0371158803df93a249c9f7237ffd79b875816",
        "026b3396a63ed5772329708b7580d633bb86bec9",
        "a7d68b1702af08ce4dbbf2cd0b083e744ae5c6be",
        "998ac3e945857cf2676ee7efdbaf443a0c6f820a",
        "8973ad5fc1264594a1fda3bd9e04258074cea9cc",
        "5a77b508302771fc083bf24e0bcda8553c9b5421",
        "70e91e16eb321067d9402710e14a40cf28311f73",
        "dc0102a51a9d33e104a4a3808a18cf17f057228c",
        "ac2618b2ce5cdcf86f9371bcca98bc5e37e46f51",
        "66c10bf1f11bc1b2d92204d8f8391d087f6de1c4",
        "1a703f08da01cf737cce3fb9064259b3f4b44e9c",
        "6f68e1bb253925d8431588555d3010419f322e04"
    ],
    "s2id": "05c1dc502ed51162580ccd320d5668d2fec94a7a",
    "abstract": "The development of deep learning architectures is a resource-demanding process, due to a vast design space, long prototyping times, and high compute costs associated with at-scale model training and evaluation. We set out to simplify this process by grounding it in an end-to-end mechanistic architecture design (MAD) pipeline, encompassing small-scale capability unit tests predictive of scaling laws. Through a suite of synthetic token manipulation tasks such as compression and recall, designed to probe capabilities, we identify and test new hybrid architectures constructed from a variety of computational primitives. We experimentally validate the resulting architectures via an extensive compute-optimal and a new state-optimal scaling law analysis, training over 500 language models between 70M to 7B parameters. Surprisingly, we find MAD synthetics to correlate with compute-optimal perplexity, enabling accurate evaluation of new architectures via isolated proxy tasks. The new architectures found via MAD, based on simple ideas such as hybridization and sparsity, outperform state-of-the-art Transformer, convolutional, and recurrent architectures (Transformer++, Hyena, Mamba) in scaling, both at compute-optimal budgets and in overtrained regimes. Overall, these results provide evidence that performance on curated synthetic tasks can be predictive of scaling laws, and that an optimal architecture should leverage specialized layers via a hybrid topology.",
    "authors": [
        "Michael Poli",
        "Armin W. Thomas",
        "Eric Nguyen",
        "Pragaash Ponnusamy",
        "Bjorn Deiseroth",
        "K. Kersting",
        "Taiji Suzuki",
        "Brian Hie",
        "Stefano Ermon",
        "Christopher R'e",
        "Ce Zhang",
        "Stefano Massaroli"
    ],
    "venue": "arXiv.org",
    "year": 2024,
    "tldr": {
        "model": "tldr@v2.0.0",
        "text": "Results provide evidence that performance on curated synthetic tasks can be predictive of scaling laws, and that an optimal architecture should leverage specialized layers via a hybrid topology."
    },
    "citationCount": 7,
    "influentialCitationCount": 2,
    "code": null,
    "description": null,
    "url": null
}