{
    "acronym": "05d6db8f4727c0cb4fd7bb63cd98de25b2888016",
    "title": "On the Design Fundamentals of Diffusion Models: A Survey",
    "seed_ids": [
        "classfreediffu",
        "74d4de69a1a81ad9a76abbfcffa24e186e96afd3",
        "a8e6a8480543efdfd5189a19c6c54a40d2cc6efe",
        "842182174ebd9e070101c85aa16c0818e5363c42",
        "329a0da2f61fc5c954c0a1faf97a7b4d9c34ad07",
        "4319a5faceb0f94fc791e49dc0b94dd4d142f90e",
        "fb03154bbf1348e796f9a82b2372a7d5e7e4b45a",
        "54b6e5dcef733c151adef0ac06430f63cb301a36",
        "094490a5035c6c151b45d0ad5961186ab0eeb5b4",
        "6827e87642874d9bf69f0f1548d79a164aaa5e1e",
        "6e44135a35a5af90756ac22a496a412355150cb9",
        "f5324c908e840995f681ac677c40d5d6b1555622",
        "1f898d66acabff511a3871b82799aa73c0055402",
        "764740864dc4be6636ba96e3e9e590968cac604f",
        "7acc71fad70c4c65203739f156bcb440587df901",
        "22775e58932cdfbd273a2a835a22c5d86800a458",
        "69144d537f90f214d5b07a7c79121d16afd7da16",
        "498ac9b2e494601d20a3d0211c16acf2b7954a54",
        "15736f7c205d961c00378a938daffaacb5a0718d",
        "e342165a614588878ad0f4bc9bacf3905df34d08",
        "17d068e78e6f25e65cb08319b19b58279bb8b214",
        "b64537bdf7a103aa01972ba06ea24a9c08f7cd74",
        "37232ccce1cfafbe9b9918557f0b6cdf80e5b83a",
        "3ff7153fd6bd47d08084c7f50f8fd70026c126e7",
        "2f4c451922e227cbbd4f090b74298445bbd900d0",
        "c57293882b2561e1ba03017902df9fc2f289dea2",
        "c10075b3746a9f3dd5811970e93c8ca3ad39b39d",
        "94bcd712aed610b8eaeccc57136d65ec988356f2",
        "de18baa4964804cf471d85a5a090498242d2e79f",
        "71cc838d8a50a0d62cc9c679536f1f25b2ea6b7f"
    ],
    "s2id": "05d6db8f4727c0cb4fd7bb63cd98de25b2888016",
    "abstract": "Diffusion models are generative models, which gradually add and remove noise to learn the underlying distribution of training data for data generation. The components of diffusion models have gained significant attention with many design choices proposed. Existing reviews have primarily focused on higher-level solutions, thereby covering less on the design fundamentals of components. This study seeks to address this gap by providing a comprehensive and coherent review on component-wise design choices in diffusion models. Specifically, we organize this review according to their three key components, namely the forward process, the reverse process, and the sampling procedure. This allows us to provide a fine-grained perspective of diffusion models, benefiting future studies in the analysis of individual components, the applicability of design choices, and the implementation of diffusion models.",
    "authors": [
        "Ziyi Chang",
        "G. Koulieris",
        "Hubert P. H. Shum"
    ],
    "venue": "arXiv.org",
    "year": 2023,
    "tldr": {
        "model": "tldr@v2.0.0",
        "text": "This study organizes diffusion models according to their three key components, namely the forward process, the reverse process, and the sampling procedure, to provide a fine-grained perspective of diffusion models."
    },
    "citationCount": 31,
    "influentialCitationCount": 2,
    "code": null,
    "description": null,
    "url": null
}