{
    "acronym": "05dc11b7b3265b977d06e29c6ac5ec1877774768",
    "title": "Company Industry Classification with Neural and Attention-Based Learning Models",
    "seed_ids": [
        "transformerxl",
        "e0c6abdbdecf04ffac65c440da77fb9d66bb474c"
    ],
    "s2id": "05dc11b7b3265b977d06e29c6ac5ec1877774768",
    "abstract": "This paper compares different solutions for the task of classifying companies with an industry classification scheme. Recent advances in deep learning methods show better performance in the text classification task. The dataset consists of short textual descriptions of companies and their economic activities. Target classification schemes are built by mapping related open data in a semi-controlled manner. Target classes are built from the bottom up by DBpedia. For the experiments are used modifications of methods BERT, XLNet, Glove and ULMfit with pre-trained models for English. Two simple models with perceptron architecture are used as the baseline. The results show that the best performance for multi-label classification of DBpedia companies abstracts is achieved by BERT and XLnet models, even for unbalanced classes.",
    "authors": [
        "S. Slavov",
        "Andrey Tagarev",
        "Nikola Tulechki",
        "S. Boytcheva"
    ],
    "venue": "2019 Big Data, Knowledge and Control Systems Engineering (BdKCSE)",
    "year": 2019,
    "tldr": {
        "model": "tldr@v2.0.0",
        "text": "The results show that the best performance for multi-label classification of DBpedia companies abstracts is achieved by BERT and XLnet models, even for unbalanced classes."
    },
    "citationCount": 2,
    "influentialCitationCount": 0,
    "code": null,
    "description": null,
    "url": null
}