{
    "acronym": "05e1bad336ef9281cee5abc067058667af070b61",
    "title": "Questions and Answers using the SQuAD 2 . 0 dataset and the QANet architecture",
    "seed_ids": [
        "transformerxl"
    ],
    "s2id": "05e1bad336ef9281cee5abc067058667af070b61",
    "abstract": "Significant advances have been made recently in NLP in the area of reading comprehension which is useful in machine translation, question answering, summarization and other NLP tasks. Most of these models use an RNN which, though successful, have well documented downsides. A model, called the QANet architecture using only CNNs and attention ( and based on the Transformer architecture ) has been proposed that does not suffer from these downsides. This paper implements the QANet architecture and analyses the results of evaluation on the SQuAD 2.0 dataset. In addition, aspects of the transformerXL architecture are added with a goal to further enhance model performance.",
    "authors": [
        "Srinivasa Raghavan"
    ],
    "venue": "",
    "year": 2019,
    "tldr": {
        "model": "tldr@v2.0.0",
        "text": "This paper implements the QANet architecture and analyses the results of evaluation on the SQuAD 2.0 dataset and aspects of the transformerXL architecture are added with a goal to further enhance model performance."
    },
    "citationCount": 0,
    "influentialCitationCount": 0,
    "code": null,
    "description": null,
    "url": null
}