{
    "acronym": "0626fa5b6bd05c330ee49c9c98ebbd24d140a865",
    "title": "A Comparative Study of Pretrained Language Models on Thai Social Text Categorization",
    "seed_ids": [
        "gpt"
    ],
    "s2id": "0626fa5b6bd05c330ee49c9c98ebbd24d140a865",
    "abstract": null,
    "authors": [
        "Thanapapas Horsuwan",
        "Kasidis Kanwatchara",
        "P. Vateekul",
        "B. Kijsirikul"
    ],
    "venue": "Asian Conference on Intelligent Information and Database Systems",
    "year": 2019,
    "tldr": {
        "model": "tldr@v2.0.0",
        "text": "It is demonstrated that state-of-the-art results on two Thai social text categorization tasks can be realized by pretraining a language model on a large noisy Thai social media corpus of over 1.26 billion tokens and later fine-tuned on the downstream classification tasks."
    },
    "citationCount": 6,
    "influentialCitationCount": 0,
    "code": null,
    "description": null,
    "url": null
}