{
    "acronym": "063409611ca46044b0a8966e71b7cc4dadab5c8a",
    "title": "Continuous patient state attention model for addressing irregularity in electronic health records",
    "seed_ids": [
        "transformer",
        "12809bcb734beafeb47876f42e7b438e27fe99fe",
        "563bac1c5cdd5096e9dbf8d4f3d5b3c4f7284e06",
        "fc46ccb83dc121c33de7ab6bdedab7d970780b2f",
        "b3bf9fe13195e9aa70e1dac04e01fcff7008e812"
    ],
    "s2id": "063409611ca46044b0a8966e71b7cc4dadab5c8a",
    "abstract": null,
    "authors": [
        "V. Chauhan",
        "Anshul Thakur",
        "O. O'Donoghue",
        "Omid Rohanian",
        "Soheila Molaei",
        "David A. Clifton"
    ],
    "venue": "BMC Medical Informatics Decis. Mak.",
    "year": 2024,
    "tldr": {
        "model": "tldr@v2.0.0",
        "text": "Perceiver presents a computationally efficient potential alternative for processing long sequences of time series in healthcare, and the continuous patient state attention models outperform the traditional and advanced techniques to handle irregularity in the time series."
    },
    "citationCount": 2,
    "influentialCitationCount": 0,
    "code": null,
    "description": null,
    "url": null
}