{
    "acronym": "06353c3882213681e682eef9dd299effe19563ff",
    "title": "Commonsense Reasoning Using Theorem Proving and Machine Learning",
    "seed_ids": [
        "gpt"
    ],
    "s2id": "06353c3882213681e682eef9dd299effe19563ff",
    "abstract": null,
    "authors": [
        "Sophie Siebert",
        "C. Schon",
        "Frieder Stolzenburg"
    ],
    "venue": "International Cross-Domain Conference on Machine Learning and Knowledge Extraction",
    "year": 2019,
    "tldr": {
        "model": "tldr@v2.0.0",
        "text": "This paper presents an approach which uses an automatic theorem prover, large existing ontologies with background knowledge, and machine learning and identifies insufficient amount of training data and lack of background knowledge as causes for the system not to stand out much from the baseline."
    },
    "citationCount": 6,
    "influentialCitationCount": 0,
    "code": null,
    "description": null,
    "url": null
}