{
    "acronym": "063bfb1cb74a8150a5378125cd34d998aac9dd21",
    "title": "What About the Precedent: An Information-Theoretic Analysis of Common Law",
    "seed_ids": [
        "neurallegal",
        "f6245b3e6270e4dc2e279c4b728030523dffcff4",
        "925ad2897d1b5decbea320d07e99afa9110e09b2"
    ],
    "s2id": "063bfb1cb74a8150a5378125cd34d998aac9dd21",
    "abstract": "In common law, the outcome of a new case is determined mostly by precedent cases, rather than by existing statutes. However, how exactly does the precedent influence the outcome of a new case? Answering this question is crucial for guaranteeing fair and consistent judicial decision-making. We are the first to approach this question computationally by comparing two longstanding jurisprudential views; Halsbury\u2019s, who believes that the arguments of the precedent are the main determinant of the outcome, and Goodhart\u2019s, who believes that what matters most is the precedent\u2019s facts. We base our study on the corpus of legal cases from the European Court of Human Rights (ECtHR), which allows us to access not only the case itself, but also cases cited in the judges\u2019 arguments (i.e. the precedent cases). Taking an information-theoretic view, and modelling the question as a case out-come classification task, we find that the precedent\u2019s arguments share 0.38 nats of information with the case\u2019s outcome, whereas precedent\u2019s facts only share 0.18 nats of information (i.e.,58% less); suggesting Halsbury\u2019s view may be more accurate in this specific court. We found however in a qualitative analysis that there are specific statues where Goodhart\u2019s view dominates, and present some evidence these are the ones where the legal concept at hand is less straightforward.",
    "authors": [
        "Josef Valvoda",
        "Tiago Pimentel",
        "Niklas Stoehr",
        "Ryan Cotterell",
        "Simone Teufel"
    ],
    "venue": "North American Chapter of the Association for Computational Linguistics",
    "year": 2021,
    "tldr": {
        "model": "tldr@v2.0.0",
        "text": "The first to approach this question computationally by comparing two longstanding jurisprudential views, it is found that there are specific statues where Goodhart\u2019s view dominates, and some evidence these are the ones where the legal concept at hand is less straightforward."
    },
    "citationCount": 12,
    "influentialCitationCount": 1,
    "code": null,
    "description": null,
    "url": null
}