{
    "acronym": "063eee315e864f0842d3074629dccc4bb36d19e7",
    "title": "Discovering Non-monotonic Autoregressive Orderings with Variational Inference",
    "seed_ids": [
        "transformerxl",
        "a77b69be7727f61b61d02bd0e03209c830267c0b",
        "130277ff64c7171c90d98d7e73f4bda8a0b0c1f9",
        "9405cc0d6169988371b2755e573cc28650d14dfe"
    ],
    "s2id": "063eee315e864f0842d3074629dccc4bb36d19e7",
    "abstract": "The predominant approach for language modeling is to process sequences from left to right, but this eliminates a source of information: the order by which the sequence was generated. One strategy to recover this information is to decode both the content and ordering of tokens. Existing approaches supervise content and ordering by designing problem-specific loss functions and pre-training with an ordering pre-selected. Other recent works use iterative search to discover problem-specific orderings for training, but suffer from high time complexity and cannot be efficiently parallelized. We address these limitations with an unsupervised parallelizable learner that discovers high-quality generation orders purely from training data -- no domain knowledge required. The learner contains an encoder network and decoder language model that perform variational inference with autoregressive orders (represented as permutation matrices) as latent variables. The corresponding ELBO is not differentiable, so we develop a practical algorithm for end-to-end optimization using policy gradients. We implement the encoder as a Transformer with non-causal attention that outputs permutations in one forward pass. Permutations then serve as target generation orders for training an insertion-based Transformer language model. Empirical results in language modeling tasks demonstrate that our method is context-aware and discovers orderings that are competitive with or even better than fixed orders.",
    "authors": [
        "Xuanlin Li",
        "Brandon Trabucco",
        "Dongmin Park",
        "Michael Luo",
        "S. Shen",
        "Trevor Darrell",
        "Yang Gao"
    ],
    "venue": "International Conference on Learning Representations",
    "year": 2021,
    "tldr": {
        "model": "tldr@v2.0.0",
        "text": "Empirical results in language modeling tasks demonstrate that the unsupervised parallelizable learner method is context-aware and discovers orderings that are competitive with or even better than fixed orders."
    },
    "citationCount": 9,
    "influentialCitationCount": 0,
    "code": null,
    "description": null,
    "url": null
}