{
    "acronym": "0664d52b1040e048fff7e7d1d13a310964207768",
    "title": "Accelerating Toeplitz Neural Network with Constant-time Inference Complexity",
    "seed_ids": [
        "tnn",
        "lineartransformer",
        "sgconv",
        "2a38daf98d506477f8180806f503409d5036eaf4",
        "f35f5aedc30e2c5ded210d9c91ba6e84bd029425",
        "240300b1da360f22bf0b82c6817eacebba6deed4",
        "86c8d930b492a4f9cadc6c60aecdaaded49acc86",
        "3fbf6339273c50b04e886fa9bd4ad18c952a683d",
        "6f68e1bb253925d8431588555d3010419f322e04",
        "09e2c7adbed37440d4a339852cfa34e5b660f768",
        "c8b25fab5608c3e033d34b4483ec47e68ba109b7",
        "9405cc0d6169988371b2755e573cc28650d14dfe"
    ],
    "s2id": "0664d52b1040e048fff7e7d1d13a310964207768",
    "abstract": "Toeplitz Neural Networks (TNNs) have exhibited outstanding performance in various sequence modeling tasks. They outperform commonly used Transformer-based models while benefiting from log-linear space-time complexities. On the other hand, State Space Models (SSMs) achieve lower performance than TNNs in language modeling but offer the advantage of constant inference complexity. In this paper, we aim to combine the strengths of TNNs and SSMs by converting TNNs to SSMs during inference, thereby enabling TNNs to achieve the same constant inference complexities as SSMs. To accomplish this, we formulate the conversion process as an optimization problem and provide a closed-form solution. We demonstrate how to transform the target equation into a Vandermonde linear system problem, which can be efficiently solved using the Discrete Fourier Transform (DFT). Notably, our method requires no training and maintains numerical stability. It can be also applied to any LongConv-based model. To assess its effectiveness, we conduct extensive experiments on language modeling tasks across various settings. Additionally, we compare our method to other gradient-descent solutions, highlighting the superior numerical stability of our approach. The source code is available at https://github.com/OpenNLPLab/ETSC-Exact-Toeplitz-to-SSM-Conversion.",
    "authors": [
        "Zhen Qin",
        "Yiran Zhong"
    ],
    "venue": "Conference on Empirical Methods in Natural Language Processing",
    "year": 2023,
    "tldr": {
        "model": "tldr@v2.0.0",
        "text": "This paper aims to combine the strengths of TNNs and SSMs by converting Toeplitz Neural Networks to SSMs during inference, thereby enabling Tnns to achieve the same constant inference complexities as SSMs."
    },
    "citationCount": 6,
    "influentialCitationCount": 0,
    "code": null,
    "description": null,
    "url": null
}