{
    "acronym": "06c1a843617621d29208010e5475e4b5a6cc68ca",
    "title": "ViG: Linear-complexity Visual Sequence Learning with Gated Linear Attention",
    "seed_ids": [
        "transformer",
        "mamba",
        "retnet",
        "gla",
        "lineartransformer",
        "e9484cf633985ccef70b0ce46866ce232a81ca4b",
        "46732358e98ce6be0c564ae11f71d556a64b4c35",
        "3fd5bc3077d04965eaa3498372c39bbdd09d55e4",
        "2833716cabbd7c709f4b266832b8b3fa3e37d2c6",
        "62ac3ef81e54e1d1930fb5980b236345ee2e4f32",
        "fea8a3096391a418cb9ef724e0ff9754e5a467fd",
        "5867382590f9f0ff8caf15804d20bde10845b2d2",
        "0a32e6ff6eaac83ff325bae4557a8362222979aa",
        "b9646f057887825d7471ec01664494b0b7ca5a83",
        "3af7273d7ca20c0c63cbaa47e60b058840835052",
        "51f38bd957fa863022feb5878fa1ba3bea6657cf",
        "d53fe76bd2795a19ddf52d012917782f6f6f2c1e",
        "21ddc4fc3551619b8a64db6ae124acc72aaae2c2",
        "7154fc93bdefcd237a0ce3902511c0b154049253",
        "b24e899ec0f77eef2fc87a9b8e50516367aa1f97",
        "38c48a1cd296d16dc9c56717495d6e44cc354444",
        "62b18cc55dcc7ffe52c28e1086aee893b7bc4334",
        "434d751d355d7a7c20efa570e785c76286245e77",
        "5fc1a3a49e8f1d106118b69d1d6be3b6caa23da0",
        "240103933ffe3dac2179cc160a2bd91299357a53",
        "026b3396a63ed5772329708b7580d633bb86bec9",
        "5a77b508302771fc083bf24e0bcda8553c9b5421",
        "a128b1c47e6842605fb95bceae930d2135fc38fc",
        "e3fc46d5f4aae2c7a8a86b6bd21ca8db5d40fcbd",
        "f6d8beb02771791d628f7e0773d8906261ce707c",
        "6d7d141c75af752ffc0d8a6184cca3f9323d6c74",
        "d1869155960e4b1b882b39171dbecd25a7eda3cd",
        "eaef083b9d661f42cc0d89d9d8156218f33a91d9",
        "87c5b281fa43e6f27191b20a8dd694eda1126336",
        "ac2618b2ce5cdcf86f9371bcca98bc5e37e46f51",
        "3fbf6339273c50b04e886fa9bd4ad18c952a683d",
        "6f68e1bb253925d8431588555d3010419f322e04",
        "366244acdd930e488ae224ab6e2a92dc24aa7e06",
        "c8b25fab5608c3e033d34b4483ec47e68ba109b7",
        "9405cc0d6169988371b2755e573cc28650d14dfe"
    ],
    "s2id": "06c1a843617621d29208010e5475e4b5a6cc68ca",
    "abstract": "Recently, linear complexity sequence modeling networks have achieved modeling capabilities similar to Vision Transformers on a variety of computer vision tasks, while using fewer FLOPs and less memory. However, their advantage in terms of actual runtime speed is not significant. To address this issue, we introduce Gated Linear Attention (GLA) for vision, leveraging its superior hardware-awareness and efficiency. We propose direction-wise gating to capture 1D global context through bidirectional modeling and a 2D gating locality injection to adaptively inject 2D local details into 1D global context. Our hardware-aware implementation further merges forward and backward scanning into a single kernel, enhancing parallelism and reducing memory cost and latency. The proposed model, ViG, offers a favorable trade-off in accuracy, parameters, and FLOPs on ImageNet and downstream tasks, outperforming popular Transformer and CNN-based models. Notably, ViG-S matches DeiT-B's accuracy while using only 27% of the parameters and 20% of the FLOPs, running 2$\\times$ faster on $224\\times224$ images. At $1024\\times1024$ resolution, ViG-T uses 5.2$\\times$ fewer FLOPs, saves 90% GPU memory, runs 4.8$\\times$ faster, and achieves 20.7% higher top-1 accuracy than DeiT-T. These results position ViG as an efficient and scalable solution for visual representation learning. Code is available at \\url{https://github.com/hustvl/ViG}.",
    "authors": [
        "Bencheng Liao",
        "Xinggang Wang",
        "Lianghui Zhu",
        "Qian Zhang",
        "Chang Huang"
    ],
    "venue": "arXiv.org",
    "year": 2024,
    "tldr": {
        "model": "tldr@v2.0.0",
        "text": "The proposed model, ViG, offers a favorable trade-off in accuracy, parameters, and FLOPs on ImageNet and downstream tasks, outperforming popular Transformer and CNN-based models and position ViG as an efficient and scalable solution for visual representation learning."
    },
    "citationCount": 0,
    "influentialCitationCount": 0,
    "code": null,
    "description": null,
    "url": null
}