{
    "acronym": "06e6f125b0f15affd38382135acf03efa28cf439",
    "title": "A Quantitative Review on Language Model Efficiency Research",
    "seed_ids": [
        "mega",
        "70e91e16eb321067d9402710e14a40cf28311f73",
        "6d7d141c75af752ffc0d8a6184cca3f9323d6c74",
        "ca444821352a4bd91884413d8070446e2960715a",
        "238e4958773a5d9d3260f05e2532996b8b7dbaea",
        "4f82bd927f6d79fd2e3ddf9d34bec0dc46b8e18c",
        "da0d38cf2ac7e2a6908e0d9e1fff07058daab2ed",
        "ac2618b2ce5cdcf86f9371bcca98bc5e37e46f51",
        "ca9047c78d48b606c4e4f0c456b1dda550de28b2",
        "dbf53ece1a6a8860e41ff5f721c72ceb0fb18dd6",
        "1a883522f3c0051d70be1f8cbdb8989a77395006",
        "af679d69fcc1d0fcf0f039aba937853bcb50a8de",
        "e32a12b14e212506115cc6804667b3d8297917e1",
        "1f133158a8973fb33fea188f20517cd7e69bfe7f",
        "9ed25f101f19ea735ca300848948ed64064b97ca",
        "6fa1cfc4f97f03a8485692418c7aa1a06c574a85",
        "7e9ff94476f41041c75e253e84f487db00e9c861",
        "3fbf6339273c50b04e886fa9bd4ad18c952a683d",
        "7e5709d81558d3ef4265de29ea75931afeb1f2dd",
        "c828f4bf1a752700dd2c4a96fdd08ba938cda43d",
        "6f68e1bb253925d8431588555d3010419f322e04",
        "c0b79e6a5fd88ef13aa4780df5aae0aaa6b2be87",
        "270f3bea8ca801870a6cc56b4d36f7f2019c9ed0",
        "d27669c82faf78ea08cceaa0a171b540cccc304d",
        "925ad2897d1b5decbea320d07e99afa9110e09b2",
        "01b15017ac59b8d6f2ce3598c4a7d6358c211426",
        "657329c633709dd1ac34a30d57341b186b1a47c2",
        "34a4e6818d680875ff0bef9a76de0376118446d1",
        "af34ea4242ca8725ea739ec1bef674bec10c1fa9",
        "f51497f463566581874c941353dd9d80069c5b77",
        "2e14e84ccec924ed770b58108ad1d9de6f0ca295",
        "e0c6abdbdecf04ffac65c440da77fb9d66bb474c",
        "f4238bd2385a52413ccbacfd9e409a650235bd13"
    ],
    "s2id": "06e6f125b0f15affd38382135acf03efa28cf439",
    "abstract": "Language models (LMs) are being scaled and becoming powerful. Improving their efficiency is one of the core research topics in neural information processing systems. Tay et al. (2022) provided a comprehensive overview of efficient Transformers that have become an indispensable staple in the field of NLP. However, in the section of\"On Evaluation\", they left an open question\"which fundamental efficient Transformer one should consider,\"answered by\"still a mystery\"because\"many research papers select their own benchmarks.\"Unfortunately, there was not quantitative analysis about the performances of Transformers on any benchmarks. Moreover, state space models (SSMs) have demonstrated their abilities of modeling long-range sequences with non-attention mechanisms, which were not discussed in the prior review. This article makes a meta analysis on the results from a set of papers on efficient Transformers as well as those on SSMs. It provides a quantitative review on LM efficiency research and gives suggestions for future research.",
    "authors": [
        "Meng Jiang",
        "Hy Dang",
        "Lingbo Tong"
    ],
    "venue": "arXiv.org",
    "year": 2023,
    "tldr": {
        "model": "tldr@v2.0.0",
        "text": "A meta analysis on the results from a set of papers on efficient Transformers as well as those on SSMs provides a quantitative review on LM efficiency research and gives suggestions for future research."
    },
    "citationCount": 0,
    "influentialCitationCount": 0,
    "code": null,
    "description": null,
    "url": null
}