{
    "acronym": "072aea72d5cbec1cdc987816efcb6bad0ce5f75d",
    "title": "wwLearning the language of proteins and predicting the impact of mutations",
    "seed_ids": [
        "bert",
        "8659bf379ca8756755125a487c43cfe8611ce842"
    ],
    "s2id": "072aea72d5cbec1cdc987816efcb6bad0ce5f75d",
    "abstract": "Mutations in proteins directly impact their structure and function. Understanding the \u201clanguage\u201d of proteins, or the sequence to function (genotype-phenotype) relationship has many real-world applications. One set of applications includes those in biodefense, such as biological threat detection and biosurveillance, antibody engineering, and medical countermeasure development. In this study, we present a novel language model-based approach that can rapidly analyze vast collections of sequences, and make near real-time functional predictions that compare favorably to those made using conventional bioinformatic and experimental methods. Our findings reveal that tailored protein language models can predict protein mutation phenotypes, such as binding affinity or level of expression, when they are trained with high-throughput functional data. Protein language models applied to viral genomes can also discern the lineage within a family (e.g., sarbecovirus sequences). Coupled with sequenced-based biosurveillance, this type of model may provide early warning signals of potential zoonotic spillovers (i.e. host jumping) or \u201cescape\u201d from existing medical countermeasures posed by novel mutations. This research not only underscores the potential of ML and language models in addressing pressing challenges in understanding the mapping of sequence to function, but further elucidates their potential application in accelerating the response to biological threats as they evolve.",
    "authors": [
        "Bin Hu",
        "Michal Babinski",
        "Kaetlyn Gibson",
        "Po-E Li",
        "Valerie Li",
        "Patrick S G Chain"
    ],
    "venue": "bioRxiv",
    "year": 2024,
    "tldr": {
        "model": "tldr@v2.0.0",
        "text": "A novel language model-based approach that can rapidly analyze vast collections of sequences, and make near real-time functional predictions that compare favorably to those made using conventional bioinformatic and experimental methods is presented."
    },
    "citationCount": 0,
    "influentialCitationCount": 0,
    "code": null,
    "description": null,
    "url": null
}