{
    "acronym": "0793b0ff0bebf68a2b2fa5296fae6c850e25c2dc",
    "title": "HDT: Hierarchical Document Transformer",
    "seed_ids": [
        "transformer",
        "bert",
        "longformer",
        "71e584a9a22c037463b6a03bbc1cd8a6265f566c",
        "d203c764fb5dec2b053be667c8b06e516ea6ef10",
        "9166caa474031b62bacad8a920db8308e6a15120",
        "87c5b281fa43e6f27191b20a8dd694eda1126336",
        "b21670e8061a06ab97e7d6052c9345a326e84ff8",
        "94e46e18d2628343a926acf6c3d0817e11d35d58",
        "3d318019788418b21478e8736d03afadc1607690",
        "24b951275a7a42ef36aca8352caaf6f4cd6238d2",
        "34042e2680e475510a1030b54165a81534ad88d3",
        "84daddd294fa3cc12596b5785f81c2a153d2fb1d",
        "4e3935ef7da6bcbb202ec7f8b285c313cadcd044",
        "9dc624d7258d1a56117ca720aea953ce46b66b21",
        "29584ed6d68a06fdf91440a018f6bc83a44fd177",
        "320efa53dea3e8f836790682fbd4196132c49749",
        "7e9ff94476f41041c75e253e84f487db00e9c861",
        "7e5709d81558d3ef4265de29ea75931afeb1f2dd",
        "d27669c82faf78ea08cceaa0a171b540cccc304d",
        "925ad2897d1b5decbea320d07e99afa9110e09b2",
        "395de0bd3837fdf4b4b5e5f04835bcc69c279481",
        "cc2d1a66c701e9be9124eb95431b6c3dd79a61d3"
    ],
    "s2id": "0793b0ff0bebf68a2b2fa5296fae6c850e25c2dc",
    "abstract": "In this paper, we propose the Hierarchical Document Transformer (HDT), a novel sparse Transformer architecture tailored for structured hierarchical documents. Such documents are extremely important in numerous domains, including science, law or medicine. However, most existing solutions are inefficient and fail to make use of the structure inherent to documents. HDT exploits document structure by introducing auxiliary anchor tokens and redesigning the attention mechanism into a sparse multi-level hierarchy. This approach facilitates information exchange between tokens at different levels while maintaining sparsity, thereby enhancing computational and memory efficiency while exploiting the document structure as an inductive bias. We address the technical challenge of implementing HDT's sample-dependent hierarchical attention pattern by developing a novel sparse attention kernel that considers the hierarchical structure of documents. As demonstrated by our experiments, utilizing structural information present in documents leads to faster convergence, higher sample efficiency and better performance on downstream tasks.",
    "authors": [
        "Haoyu He",
        "Markus Flicke",
        "Jan Buchmann",
        "Iryna Gurevych",
        "Andreas Geiger"
    ],
    "venue": "",
    "year": 2024,
    "tldr": {
        "model": "tldr@v2.0.0",
        "text": "This work addresses the technical challenge of implementing HDT's sample-dependent hierarchical attention pattern by developing a novel sparse attention kernel that considers the hierarchical structure of documents."
    },
    "citationCount": 0,
    "influentialCitationCount": 0,
    "code": null,
    "description": null,
    "url": null
}