{
    "acronym": "079683e628a0c7246646c051d5fc9f1a8f570277",
    "title": "FETILDA: An Evaluation Framework for Effective Representations of Long Financial Documents",
    "seed_ids": [
        "nystromformer",
        "bigbird",
        "longformer",
        "etc",
        "6fa1cfc4f97f03a8485692418c7aa1a06c574a85",
        "d27669c82faf78ea08cceaa0a171b540cccc304d",
        "925ad2897d1b5decbea320d07e99afa9110e09b2",
        "4d244972ed2e0286363bfb054cb269574d21a72c",
        "9405cc0d6169988371b2755e573cc28650d14dfe"
    ],
    "s2id": "079683e628a0c7246646c051d5fc9f1a8f570277",
    "abstract": "52",
    "authors": [
        "Vipula Rawte"
    ],
    "venue": "",
    "year": null,
    "tldr": null,
    "citationCount": 0,
    "influentialCitationCount": 0,
    "code": null,
    "description": null,
    "url": null
}