{
    "acronym": "07c53193b50aa0b108b14b9edfbef64ea1e9119b",
    "title": "Story Ending Prediction by Transferable BERT",
    "seed_ids": [
        "gpt",
        "b47381e04739ea3f392ba6c8faaf64105493c196",
        "824d15233236e804b40ad827a3b076e07b2c3d3b"
    ],
    "s2id": "07c53193b50aa0b108b14b9edfbef64ea1e9119b",
    "abstract": "Recent advances, such as GPT and BERT, have shown success in incorporating a pre-trained transformer language model and fine-tuning operation to improve downstream NLP systems. However, this framework still has some fundamental problems in effectively incorporating supervised knowledge from other related tasks. In this study, we investigate a transferable BERT (TransBERT) training framework, which can transfer not only general language knowledge from large-scale unlabeled data but also specific kinds of knowledge from various semantically related supervised tasks, for a target task. Particularly, we propose utilizing three kinds of transfer tasks, including natural language inference, sentiment classification, and next action prediction, to further train BERT based on a pre-trained model. This enables the model to get a better initialization for the target task. We take story ending prediction as the target task to conduct experiments. The final result, an accuracy of 91.8%, dramatically outperforms previous state-of-the-art baseline methods. Several comparative experiments give some helpful suggestions on how to select transfer tasks to improve BERT.",
    "authors": [
        "Zhongyang Li",
        "Xiao Ding",
        "Ting Liu"
    ],
    "venue": "International Joint Conference on Artificial Intelligence",
    "year": 2019,
    "tldr": {
        "model": "tldr@v2.0.0",
        "text": "This study investigates a transferable BERT (TransBERT) training framework, which can transfer not only general language knowledge from large-scale unlabeled data but also specific kinds of knowledge from various semantically related supervised tasks, for a target task."
    },
    "citationCount": 52,
    "influentialCitationCount": 8,
    "code": null,
    "description": null,
    "url": null
}