{
    "acronym": "07ca445023b5b9af5989e71930cd4855a8a738fb",
    "title": "REFeREE: A REference-FREE Model-Based Metric for Text Simplification",
    "seed_ids": [
        "gpt2",
        "9405cc0d6169988371b2755e573cc28650d14dfe"
    ],
    "s2id": "07ca445023b5b9af5989e71930cd4855a8a738fb",
    "abstract": "Text simplification lacks a universal standard of quality, and annotated reference simplifications are scarce and costly. We propose to alleviate such limitations by introducing REFeREE, a reference-free model-based metric with a 3-stage curriculum. REFeREE leverages an arbitrarily scalable pretraining stage and can be applied to any quality standard as long as a small number of human annotations are available. Our experiments show that our metric outperforms existing reference-based metrics in predicting overall ratings and reaches competitive and consistent performance in predicting specific ratings while requiring no reference simplifications at inference time.",
    "authors": [
        "Yichen Huang",
        "Ekaterina Kochmar"
    ],
    "venue": "International Conference on Language Resources and Evaluation",
    "year": 2024,
    "tldr": {
        "model": "tldr@v2.0.0",
        "text": "REFeREE is introduced, a reference-free model-based metric with a 3-stage curriculum that outperforms existing reference-based metrics in predicting overall ratings and reaches competitive and consistent performance in predicting specific ratings while requiring no reference simplifications at inference time."
    },
    "citationCount": 0,
    "influentialCitationCount": 0,
    "code": null,
    "description": null,
    "url": null
}