{
    "acronym": "07f1202447aedad79d35148ad6543b3619234539",
    "title": "Assessing the utility of text-to-SQL approaches for satisfying software developer information needs",
    "seed_ids": [
        "bert",
        "e7ad08848d5d7c5c47673ffe0da06af443643bda"
    ],
    "s2id": "07f1202447aedad79d35148ad6543b3619234539",
    "abstract": null,
    "authors": [
        "M. Tomova",
        "Martin Hofmann",
        "Constantin H\u00fctterer",
        "Patrick M\u00e4der"
    ],
    "venue": "Empirical Software Engineering",
    "year": 2023,
    "tldr": {
        "model": "tldr@v2.0.0",
        "text": "Evaluating the performance and applicability of text-to-SQL approaches on data derived from tools typically used in the workflow of software engineers for satisfying their information needs concludes that state-of-the-art text- to- SQL approaches are applicable in SE practice for day-To-day information needs."
    },
    "citationCount": 0,
    "influentialCitationCount": 0,
    "code": null,
    "description": null,
    "url": null
}