{
    "acronym": "08080874ebb13d92b1214cb0f60dfcd737f88a92",
    "title": "Data-Efficient Operator Learning via Unsupervised Pretraining and In-Context Learning",
    "seed_ids": [
        "gpt3",
        "bert",
        "e750cf66d0e7ade8e21da38df3eb2a174b027f48",
        "4990f7542f0600e0501a7e7a931b32eb7cb804d5",
        "6351ebb4a3287f5f3e1273464b3b91e5df5a16d7",
        "29ddc1f43f28af7c846515e32cc167bc66886d0c",
        "9405cc0d6169988371b2755e573cc28650d14dfe"
    ],
    "s2id": "08080874ebb13d92b1214cb0f60dfcd737f88a92",
    "abstract": "Recent years have witnessed the promise of coupling machine learning methods and physical domainspecific insights for solving scientific problems based on partial differential equations (PDEs). However, being data-intensive, these methods still require a large amount of PDE data. This reintroduces the need for expensive numerical PDE solutions, partially undermining the original goal of avoiding these expensive simulations. In this work, seeking data efficiency, we design unsupervised pretraining for PDE operator learning. To reduce the need for training data with heavy simulation costs, we mine unlabeled PDE data without simulated solutions, and pretrain neural operators with physics-inspired reconstruction-based proxy tasks. To improve out-of-distribution performance, we further assist neural operators in flexibly leveraging in-context learning methods, without incurring extra training costs or designs. Extensive empirical evaluations on a diverse set of PDEs demonstrate that our method is highly data-efficient, more generalizable, and even outperforms conventional vision-pretrained models.",
    "authors": [
        "Wuyang Chen",
        "Jialin Song",
        "Pu Ren",
        "Shashank Subramanian",
        "Dmitriy Morozov",
        "Michael W. Mahoney"
    ],
    "venue": "arXiv.org",
    "year": 2024,
    "tldr": {
        "model": "tldr@v2.0.0",
        "text": "To reduce the need for training data with heavy simulation costs, this work designs unsupervised pretraining for PDE operator learning, which is highly data-efficient, more generalizable, and even outperforms conventional vision-pretrained models."
    },
    "citationCount": 3,
    "influentialCitationCount": 0,
    "code": null,
    "description": null,
    "url": null
}