{
    "acronym": "081d84c3913520d6f874797f8306fabec2ec4bb3",
    "title": "DiLM: Distilling Dataset into Language Model for Text-level Dataset Distillation",
    "seed_ids": [
        "gpt2",
        "13a0d8bb38f739990c8cd65a44061c6534f17221",
        "9405cc0d6169988371b2755e573cc28650d14dfe"
    ],
    "s2id": "081d84c3913520d6f874797f8306fabec2ec4bb3",
    "abstract": "Dataset distillation aims to compress a training dataset by creating a small number of informative synthetic samples such that neural networks trained on them perform as well as those trained on the original training dataset. Current text dataset distillation methods create each synthetic sample as a sequence of word embeddings instead of a text to apply gradient-based optimization; however, such embedding-level distilled datasets cannot be used for training other models whose word embedding weights are different from the model used for distillation. To address this issue, we propose a novel text dataset distillation approach, called Distilling dataset into Language Model (DiLM), which trains a language model to generate informative synthetic training samples as text data, instead of directly optimizing synthetic samples. We evaluated DiLM on various text classification datasets and showed that distilled synthetic datasets from DiLM outperform those from current coreset selection methods. DiLM achieved remarkable generalization performance in training different types of models and in-context learning of large language models. Our code will be available at https://github.com/arumaekawa/DiLM.",
    "authors": [
        "Aru Maekawa",
        "Satoshi Kosugi",
        "Kotaro Funakoshi",
        "Manabu Okumura"
    ],
    "venue": "North American Chapter of the Association for Computational Linguistics",
    "year": 2024,
    "tldr": {
        "model": "tldr@v2.0.0",
        "text": "This work proposes a novel text dataset distillation approach, called Distilling dataset into Language Model (DiLM), which trains a language model to generate informative synthetic training samples as text data, instead of directly optimizing synthetic samples."
    },
    "citationCount": 0,
    "influentialCitationCount": 0,
    "code": null,
    "description": null,
    "url": null
}