{
    "acronym": "0822f8d7e6a72a65e65f147d3a8d8fccd485da40",
    "title": "Shortformer: Better Language Modeling using Shorter Inputs",
    "seed_ids": [
        "transformerxl",
        "7e5709d81558d3ef4265de29ea75931afeb1f2dd",
        "925ad2897d1b5decbea320d07e99afa9110e09b2",
        "657329c633709dd1ac34a30d57341b186b1a47c2",
        "f51497f463566581874c941353dd9d80069c5b77",
        "395de0bd3837fdf4b4b5e5f04835bcc69c279481",
        "f4238bd2385a52413ccbacfd9e409a650235bd13",
        "9405cc0d6169988371b2755e573cc28650d14dfe"
    ],
    "s2id": "0822f8d7e6a72a65e65f147d3a8d8fccd485da40",
    "abstract": "Increasing the input length has been a driver of progress in language modeling with transformers. We identify conditions where shorter inputs are not harmful, and achieve perplexity and efficiency improvements through two new methods that decrease input length. First, we show that initially training a model on short subsequences before moving on to longer ones both reduces overall training time and, surprisingly, substantially improves perplexity. Second, we show how to improve the efficiency of recurrence methods in transformers, which let models condition on previously processed tokens when generating sequences that exceed the maximal length the transformer can handle at once. Existing methods require computationally expensive relative position embeddings; we introduce a simple alternative of adding absolute position embeddings to queries and keys instead of to word embeddings, which efficiently produces superior results. We show that these recurrent models also benefit from short input lengths. Combining these techniques speeds up training by a factor of 1.65, reduces memory usage, and substantially improves perplexity on WikiText-103, without adding any parameters.",
    "authors": [
        "Ofir Press",
        "Noah A. Smith",
        "M. Lewis"
    ],
    "venue": "Annual Meeting of the Association for Computational Linguistics",
    "year": 2021,
    "tldr": {
        "model": "tldr@v2.0.0",
        "text": "This work identifies conditions where shorter inputs are not harmful, and achieves perplexity and efficiency improvements through two new methods that decrease input length, and shows how to improve the efficiency of recurrence methods in transformers."
    },
    "citationCount": 75,
    "influentialCitationCount": 9,
    "code": null,
    "description": null,
    "url": null
}