{
    "acronym": "0888e4c92cb3ec7ddf883b75a240393d65027f4f",
    "title": "Religion and Spirituality on Social Media in the Aftermath of the Global Pandemic",
    "seed_ids": [
        "gpt2",
        "270f3bea8ca801870a6cc56b4d36f7f2019c9ed0",
        "9405cc0d6169988371b2755e573cc28650d14dfe"
    ],
    "s2id": "0888e4c92cb3ec7ddf883b75a240393d65027f4f",
    "abstract": "During the COVID-19 pandemic, the Church closed its physical doors for the first time in about 800 years, which is, arguably, a cataclysmic event. Other religions have found themselves in a similar situation, and they were practically forced to move online, which is an unprecedented occasion. In this paper, we analyse this sudden change in religious activities twofold: we create and deliver a questionnaire, as well as analyse Twitter data, to understand people\u2019s perceptions and activities related to religious activities online. Importantly, we also analyse the temporal variations in this process, by analysing a period of 3 months: July-September 2020. Additionally to the separate analysis of the two data sources, we also discuss the implications from triangulating the results.",
    "authors": [
        "O. Aduragba",
        "Alexandra I. Cristea",
        "Pete Phillips",
        "Jonas Kurlberg",
        "Jialin Yu"
    ],
    "venue": "BigData Congress [Services Society]",
    "year": 2022,
    "tldr": null,
    "citationCount": 0,
    "influentialCitationCount": 0,
    "code": null,
    "description": null,
    "url": null
}