{
    "acronym": "08b00f419b036c8c20199fbf29e507f54c3aba81",
    "title": "Patronizing and Condescending Language Detection",
    "seed_ids": [
        "bert"
    ],
    "s2id": "08b00f419b036c8c20199fbf29e507f54c3aba81",
    "abstract": "Patronizing and Condescending Language (PCL) is the language used by an individual that denotes a superior attitude toward other individuals, especially those that are members of minority or marginalized groups. Due to the prevalence of patronizing and condescending language in today's society, there has been a focus on attempting to automate its detection and classification. In this study, we develop classifiers for this problem using the data from the previously concluded \u201cSemEval 2022 Task 4: Patronizing and Condescending Language Detection\u201d competition. We explore the implementation of three traditional machine learning algorithms and three transformer-based algorithms for both binary and multi-label PCL classification. Our results are in line with that of the original SemEval findings and help demonstrate the need for additional work. The development of a larger, more-balanced dataset would ensure more consistent and transferable results.",
    "authors": [
        "Conrad Testagrose",
        "Athlene V. Jones",
        "Indika Kahanda"
    ],
    "venue": "International Conference on Machine Learning and Applications",
    "year": 2023,
    "tldr": {
        "model": "tldr@v2.0.0",
        "text": "This study develops classifiers for patronizing and condescending language detection using the data from the previously concluded \u201cSemEval 2022 Task 4: Patronizing and Condescending Language Detection\u201d competition and explores the implementation of three traditional machine learning algorithms and three transformer-based algorithms for both binary and multi-label PCL classification."
    },
    "citationCount": 0,
    "influentialCitationCount": 0,
    "code": null,
    "description": null,
    "url": null
}