{
    "acronym": "08c964247960e96b07c394ca365dfd7d5b65683a",
    "title": "Mini Minds: Exploring Bebeshka and Zlata Baby Models",
    "seed_ids": [
        "gpt2",
        "e4f82c0a13cae6739239ae0c25a554b6daff35af",
        "5a2263092f49540fd0e049050a96882ff29b00c3",
        "8323c591e119eb09b28b29fd6c7bc76bd889df7a",
        "356645552f8f40adf5a99b4e3a69f47699399010",
        "9405cc0d6169988371b2755e573cc28650d14dfe"
    ],
    "s2id": "08c964247960e96b07c394ca365dfd7d5b65683a",
    "abstract": "In this paper, we describe the University of Lyon 2 submission to the Strict-Small track of the BabyLM competition. The shared task is created with an emphasis on small-scale language modelling from scratch on limited-size data and human language acquisition. Dataset released for the Strict-Small track has 10M words, which is comparable to children's vocabulary size. We approach the task with an architecture search, minimizing masked language modelling loss on the data of the shared task. Having found an optimal configuration, we introduce two small-size language models (LMs) that were submitted for evaluation, a 4-layer encoder with 8 attention heads and a 6-layer decoder model with 12 heads which we term Bebeshka and Zlata, respectively. Despite being half the scale of the baseline LMs, our proposed models achieve comparable performance. We further explore the applicability of small-scale language models in tasks involving moral judgment, aligning their predictions with human values. These findings highlight the potential of compact LMs in addressing practical language understanding tasks.",
    "authors": [
        "Irina Proskurina",
        "Guillaume Metzler",
        "Julien Velcin"
    ],
    "venue": "Proceedings of the BabyLM Challenge at the 27th Conference on Computational Natural Language Learning",
    "year": 2023,
    "tldr": {
        "model": "tldr@v2.0.0",
        "text": "The University of Lyon 2 submission to the Strict-Small track of the BabyLM competition is described, and two small-size language models that were submitted for evaluation achieve comparable performance, highlighting the potential of compact LMs in addressing practical language understanding tasks."
    },
    "citationCount": 1,
    "influentialCitationCount": 0,
    "code": null,
    "description": null,
    "url": null
}