{
    "acronym": "08f8e417faf7a02f2d42c853bfedc21938e2aad2",
    "title": "FastPersist: Accelerating Model Checkpointing in Deep Learning",
    "seed_ids": [
        "gpt3",
        "c10075b3746a9f3dd5811970e93c8ca3ad39b39d",
        "2cd605106b88c85d7d8b865b1ef0f8c8293debf1"
    ],
    "s2id": "08f8e417faf7a02f2d42c853bfedc21938e2aad2",
    "abstract": "Model checkpoints are critical Deep Learning (DL) artifacts that enable fault tolerance for training and downstream applications, such as inference. However, writing checkpoints to persistent storage, and other I/O aspects of DL training, are mostly ignored by compute-focused optimization efforts for faster training of rapidly growing models and datasets. Towards addressing this imbalance, we propose FastPersist to accelerate checkpoint creation in DL training. FastPersist combines three novel techniques: (i) NVMe optimizations for faster checkpoint writes to SSDs, (ii) efficient write parallelism using the available SSDs in training environments, and (iii) overlapping checkpointing with independent training computations. Our evaluation using real world dense and sparse DL models shows that FastPersist creates checkpoints in persistent storage up to 116x faster than baseline, and enables per-iteration checkpointing with negligible overhead.",
    "authors": [
        "Guanhua Wang",
        "Olatunji Ruwase",
        "Bing Xie",
        "Yuxiong He"
    ],
    "venue": "arXiv.org",
    "year": 2024,
    "tldr": {
        "model": "tldr@v2.0.0",
        "text": "The proposed FastPersist combines three novel techniques: NVMe optimizations for faster checkpoint writes to SSDs, efficient write parallelism using the available SSDs in training environments, and overlapping checkpointing with independent training computations."
    },
    "citationCount": 0,
    "influentialCitationCount": 0,
    "code": null,
    "description": null,
    "url": null
}