{
    "acronym": "09312f70402847d4c2b5b5348d902ad0b2d4a0d5",
    "title": "Turbo Training with Token Dropout",
    "seed_ids": [
        "performer",
        "4990f7542f0600e0501a7e7a931b32eb7cb804d5",
        "6351ebb4a3287f5f3e1273464b3b91e5df5a16d7",
        "78a0fb70b79116eb8d42c5951ced4f9efba513f0",
        "b3bf9fe13195e9aa70e1dac04e01fcff7008e812",
        "3fbf6339273c50b04e886fa9bd4ad18c952a683d",
        "6f68e1bb253925d8431588555d3010419f322e04",
        "c0b79e6a5fd88ef13aa4780df5aae0aaa6b2be87",
        "270f3bea8ca801870a6cc56b4d36f7f2019c9ed0",
        "657329c633709dd1ac34a30d57341b186b1a47c2",
        "34a4e6818d680875ff0bef9a76de0376118446d1"
    ],
    "s2id": "09312f70402847d4c2b5b5348d902ad0b2d4a0d5",
    "abstract": "The objective of this paper is an efficient training method for video tasks. We make three contributions: (1) We propose Turbo training, a simple and versatile training paradigm for Transformers on multiple video tasks. (2) We illustrate the advantages of Turbo training on action classification, video-language representation learning, and long-video activity classification, showing that Turbo training can largely maintain competitive performance while achieving almost 4X speed-up and significantly less memory consumption. (3) Turbo training enables long-schedule video-language training and end-to-end long-video training, delivering competitive or superior performance than previous works, which were infeasible to train under limited resources.",
    "authors": [
        "Tengda Han",
        "Weidi Xie",
        "Andrew Zisserman"
    ],
    "venue": "British Machine Vision Conference",
    "year": 2022,
    "tldr": {
        "model": "tldr@v2.0.0",
        "text": "Turbo training enables long-schedule video-language training and end-to-end long-video training, delivering competitive or superior performance than previous works, which were infeasible to train under limited resources."
    },
    "citationCount": 6,
    "influentialCitationCount": 1,
    "code": null,
    "description": null,
    "url": null
}