{
    "acronym": "0938d0ccc1c633fa0f8c067d914358b1ef53a44b",
    "title": "Vid2Seq: Large-Scale Pretraining of a Visual Language Model for Dense Video Captioning",
    "seed_ids": [
        "transformerxl",
        "5e00596fa946670d894b1bdaeff5a98e3867ef13",
        "70557ea6b65846fc30729ceed224acd4ac64ca5d"
    ],
    "s2id": "0938d0ccc1c633fa0f8c067d914358b1ef53a44b",
    "abstract": "In this work, we introduce Vid2Seq, a multi-modal single-stage dense event captioning model pretrained on narrated videos which are readily-available at scale. The Vid2Seq architecture augments a language model with special time tokens, allowing it to seamlessly predict event boundaries and textual descriptions in the same output sequence. Such a unified model requires large-scale training data, which is not available in current annotated datasets. We show that it is possible to leverage unlabeled narrated videos for dense video captioning, by reformulating sentence boundaries of transcribed speech as pseudo event boundaries, and using the transcribed speech sentences as pseudo event captions. The resulting Vid2Seq model pretrained on the YT-Temporal-1B dataset improves the state of the art on a variety of dense video captioning benchmarks including YouCook2, ViTT and ActivityNet Captions. Vid2Seq also generalizes well to the tasks of video paragraph captioning and video clip captioning, and to few-shot settings. Our code is publicly available at [1].",
    "authors": [
        "Antoine Yang",
        "Arsha Nagrani",
        "P. H. Seo",
        "Antoine Miech",
        "J. Pont-Tuset",
        "I. Laptev",
        "Josef Sivic",
        "C. Schmid"
    ],
    "venue": "Computer Vision and Pattern Recognition",
    "year": 2023,
    "tldr": {
        "model": "tldr@v2.0.0",
        "text": "Vid2Seq is introduced, a multi-modal single-stage dense event captioning model pretrained on narrated videos which are readily-available at scale and improves the state of the art on a variety of dense video captioning benchmarks including YouCook2, ViTT and ActivityNet Captions."
    },
    "citationCount": 109,
    "influentialCitationCount": 13,
    "code": null,
    "description": null,
    "url": null
}