{
    "acronym": "0939ecfb1f7bac596bd63d84521bc0b9bc56d598",
    "title": "Look Outside the Room: Synthesizing A Consistent Long-Term 3D Scene Video from A Single Image",
    "seed_ids": [
        "gpt",
        "bc022dbb37b1bbf3905a7404d19c03ccbf6b81a8",
        "c8b25fab5608c3e033d34b4483ec47e68ba109b7",
        "9405cc0d6169988371b2755e573cc28650d14dfe"
    ],
    "s2id": "0939ecfb1f7bac596bd63d84521bc0b9bc56d598",
    "abstract": "Novel view synthesis from a single image has recently attracted a lot of attention, and it has been primarily advanced by 3D deep learning and rendering techniques. However, most work is still limited by synthesizing new views within relatively small camera motions. In this paper, we propose a novel approach to synthesize a consistent long-term video given a single scene image and a trajectory of large camera motions. Our approach utilizes an autoregressive Transformer to perform sequential modeling of multiple frames, which reasons the relations between multiple frames and the corresponding cameras to predict the next frame. To facilitate learning and ensure consistency among generated frames, we introduce a locality constraint based on the input cameras to guide self-attention among a large number of patches across space and time. Our method outperforms state-of-the-art view synthesis approaches by a large margin, especially when synthesizing long-term future in indoor 3D scenes. Project page at https://xrenaa.github.io/look-outside-room/.",
    "authors": [
        "Xuanchi Ren",
        "Xiaolong Wang"
    ],
    "venue": "Computer Vision and Pattern Recognition",
    "year": 2022,
    "tldr": {
        "model": "tldr@v2.0.0",
        "text": "This paper proposes a novel approach to synthesize a consistent long-term video given a single scene image and a trajectory of large camera motions, and introduces a locality constraint based on the input cameras to guide self-attention among a large number of patches across space and time."
    },
    "citationCount": 45,
    "influentialCitationCount": 5,
    "code": null,
    "description": null,
    "url": null
}