{
    "acronym": "093fa870057469c94dae48e0dbc839c78d874760",
    "title": "Personality Understanding of Fictional Characters during Book Reading",
    "seed_ids": [
        "longformer",
        "d62c4d00b277e948956b6610ce2644e88fe1577b",
        "e96493b4181de6c60b761dc66492db8e66fd784f",
        "d766bffc357127e0dc86dd69561d5aeb520d6f4c",
        "6fa1cfc4f97f03a8485692418c7aa1a06c574a85",
        "d27669c82faf78ea08cceaa0a171b540cccc304d",
        "925ad2897d1b5decbea320d07e99afa9110e09b2",
        "f51497f463566581874c941353dd9d80069c5b77"
    ],
    "s2id": "093fa870057469c94dae48e0dbc839c78d874760",
    "abstract": "Comprehending characters\u2019 personalities is a crucial aspect of story reading. As readers engage with a story, their understanding of a character evolves based on new events and information; and multiple fine-grained aspects of personalities can be perceived. This leads to a natural problem of situated and fine-grained personality understanding. The problem has not been studied in the NLP field, primarily due to the lack of appropriate datasets mimicking the process of book reading. We present the first labeled dataset PersoNet for this problem. Our novel annotation strategy involves annotating user notes from online reading apps as a proxy for the original books. Experiments and human studies indicate that our dataset construction is both efficient and accurate; and our task heavily relies on long-term context to achieve accurate predictions for both machines and humans.",
    "authors": [
        "Mo Yu",
        "JiangNan Li",
        "Shunyu Yao",
        "Wenjie Pang",
        "Xiaochen Zhou",
        "Zhou Xiao",
        "Fandong Meng",
        "Jie Zhou"
    ],
    "venue": "Annual Meeting of the Association for Computational Linguistics",
    "year": 2023,
    "tldr": {
        "model": "tldr@v2.0.0",
        "text": "This work presents the first labeled dataset PersoNet, which involves annotating user notes from online reading apps as a proxy for the original books and heavily relies on long-term context to achieve accurate predictions for both machines and humans."
    },
    "citationCount": 11,
    "influentialCitationCount": 1,
    "code": null,
    "description": null,
    "url": null
}