{
    "acronym": "094490a5035c6c151b45d0ad5961186ab0eeb5b4",
    "title": "Diffusion Models in NLP: A Survey",
    "seed_ids": [
        "selfcondembdiffu",
        "020a50f6a7154850ac81e3cde69ad8198ded6751",
        "1f898d66acabff511a3871b82799aa73c0055402",
        "a1186d7d9a9ef258c76afef1177e4f348061a537",
        "bb7e779c9360a94dd2779c2468fe06b82de7af59",
        "23b7cde603b5ec8d5d13d46e1c453dc52d7c3f6c",
        "a979742220a88b1d32e1fbe72c41e8ba3007053c",
        "2c6ac935c826002976722ca8d3319f691975687e",
        "0b9770a377b3f96cef9f268cee1791d39a0d4893",
        "69144d537f90f214d5b07a7c79121d16afd7da16",
        "b64537bdf7a103aa01972ba06ea24a9c08f7cd74",
        "1386b8a11929cf02da291c56aca353e33bbc22ed",
        "c57293882b2561e1ba03017902df9fc2f289dea2",
        "c10075b3746a9f3dd5811970e93c8ca3ad39b39d",
        "de18baa4964804cf471d85a5a090498242d2e79f",
        "3bcb17559ce96eb20fa79af8194f4af0380d194a",
        "395de0bd3837fdf4b4b5e5f04835bcc69c279481",
        "4d2a05140dd9bafaf035a846e7bda05f956304d2"
    ],
    "s2id": "094490a5035c6c151b45d0ad5961186ab0eeb5b4",
    "abstract": "Diffusion models have become a powerful family of deep generative models, with record-breaking performance in many applications. This paper first gives an overview and derivation of the basic theory of diffusion models, then reviews the research results of diffusion models in the field of natural language processing, from text generation, text-driven image generation and other four aspects, and analyzes and summarizes the relevant literature materials sorted out, and finally records the experience and feelings of this topic literature review research.",
    "authors": [
        "Yuansong Zhu",
        "Yu Zhao"
    ],
    "venue": "arXiv.org",
    "year": 2023,
    "tldr": {
        "model": "tldr@v2.0.0",
        "text": "An overview and derivation of the basic theory of diffusion models is given, the research results of diffusion Models in the field of natural language processing are reviewed, from text generation, text-driven image generation and other four aspects, and the relevant literature materials are summarized."
    },
    "citationCount": 17,
    "influentialCitationCount": 0,
    "code": null,
    "description": null,
    "url": null
}