{
    "acronym": "09a543ca9d84b7c7f70f4ac7de048f92b7bc9659",
    "title": "ICE-SEARCH: A Language Model-Driven Feature Selection Approach",
    "seed_ids": [
        "gpt3",
        "aade40af0d85b0b4fe15c97f6222d5c2e4d6d9b3",
        "83edcfbb206ddad38a971d605da09390604248ea",
        "394bd431e522b86581086bcb5cd9be161cf1cdf4"
    ],
    "s2id": "09a543ca9d84b7c7f70f4ac7de048f92b7bc9659",
    "abstract": "This study unveils the In-Context Evolutionary Search (ICE-SEARCH) method, which is among the first works that melds large language models (LLMs) with evolutionary algorithms for feature selection (FS) tasks and demonstrates its effectiveness in Medical Predictive Analytics (MPA) applications. ICE-SEARCH harnesses the crossover and mutation capabilities inherent in LLMs within an evolutionary framework, significantly improving FS through the model's comprehensive world knowledge and its adaptability to a variety of roles. Our evaluation of this methodology spans three crucial MPA tasks: stroke, cardiovascular disease, and diabetes, where ICE-SEARCH outperforms traditional FS methods in pinpointing essential features for medical applications. ICE-SEARCH achieves State-of-the-Art (SOTA) performance in stroke prediction and diabetes prediction; the Decision-Randomized ICE-SEARCH ranks as SOTA in cardiovascular disease prediction. The study emphasizes the critical role of incorporating domain-specific insights, illustrating ICE-SEARCH's robustness, generalizability, and convergence. This opens avenues for further research into comprehensive and intricate FS landscapes, marking a significant stride in the application of artificial intelligence in medical predictive analytics.",
    "authors": [
        "T. Yang",
        "Tim Tianyi Yang",
        "Shaoshan Liu",
        "Fuyuan Lyu",
        "Xue Liu"
    ],
    "venue": "arXiv.org",
    "year": 2024,
    "tldr": {
        "model": "tldr@v2.0.0",
        "text": null
    },
    "citationCount": 0,
    "influentialCitationCount": 0,
    "code": null,
    "description": null,
    "url": null
}