{
    "acronym": "09bda241c853b37e111890b96bf9454022432e1a",
    "title": "IS DARWINIAN THEORY APPLICABLE IN GPT?",
    "seed_ids": [
        "gpt",
        "053b1d7b97eb2c91fc3921d589c160b0923c70b1"
    ],
    "s2id": "09bda241c853b37e111890b96bf9454022432e1a",
    "abstract": "This comprehensive literature review explores the integration of Darwinian theory, specifically natural selection and evolution, within the context of Generative Pre-trained Transformers (GPT). GPT, an advanced language model, has shown remarkable capabilities in generating human-like text, but its underlying mechanisms can be enhanced by incorporating principles from Darwinian theory. This review examines theoretical frameworks, empirical studies, and methodological approaches used to integrate Darwinian theory into GPT. The findings highlight the potential benefits, challenges, and future research directions in merging these two domains.",
    "authors": [
        "Sandeep Bhattacharjee"
    ],
    "venue": "",
    "year": null,
    "tldr": {
        "model": "tldr@v2.0.0",
        "text": "This comprehensive literature review explores the integration of Darwinian theory, specifically natural selection and evolution, within the context of Generative Pre-trained Transformers and highlights the potential benefits, challenges, and future research directions in merging these two domains."
    },
    "citationCount": 0,
    "influentialCitationCount": 0,
    "code": null,
    "description": null,
    "url": null
}