{
    "acronym": "09bfe057c9285577242636950c6835b8731a07fb",
    "title": "Multi-task learning for natural language processing in the 2020s: where are we going?",
    "seed_ids": [
        "gpt",
        "7eba731a7fd8de712b7b79b5af41a6e2d4dbd191",
        "95f0cb99549cb59fbfa14ce4eb3c5279a8c0786b",
        "e0c6abdbdecf04ffac65c440da77fb9d66bb474c",
        "d9f6ada77448664b71128bb19df15765336974a6",
        "b47381e04739ea3f392ba6c8faaf64105493c196",
        "9405cc0d6169988371b2755e573cc28650d14dfe"
    ],
    "s2id": "09bfe057c9285577242636950c6835b8731a07fb",
    "abstract": null,
    "authors": [
        "Joseph Worsham",
        "J. Kalita"
    ],
    "venue": "Pattern Recognition Letters",
    "year": 2020,
    "tldr": {
        "model": "tldr@v2.0.0",
        "text": "This paper strives to provide a comprehensive survey of the numerous recent MTL contributions to the field of natural language processing and provide a forum to focus efforts on the hardest unsolved problems in the next decade."
    },
    "citationCount": 70,
    "influentialCitationCount": 1,
    "code": null,
    "description": null,
    "url": null
}