{
    "acronym": "0a32e6ff6eaac83ff325bae4557a8362222979aa",
    "title": "Video Mamba Suite: State Space Model as a Versatile Alternative for Video Understanding",
    "seed_ids": [
        "mamba",
        "51f38bd957fa863022feb5878fa1ba3bea6657cf",
        "b24e899ec0f77eef2fc87a9b8e50516367aa1f97",
        "38c48a1cd296d16dc9c56717495d6e44cc354444",
        "68d2d79c43905eebedf25e757f23c69a9436643d",
        "240103933ffe3dac2179cc160a2bd91299357a53",
        "f9bfc6d9ba1665b73af3323d46c7642b852759ef",
        "026b3396a63ed5772329708b7580d633bb86bec9",
        "6d7d141c75af752ffc0d8a6184cca3f9323d6c74",
        "eaef083b9d661f42cc0d89d9d8156218f33a91d9",
        "ca444821352a4bd91884413d8070446e2960715a",
        "87c5b281fa43e6f27191b20a8dd694eda1126336",
        "9226ae23b95b3f6891461e086d910ffeb7ac448a",
        "4990f7542f0600e0501a7e7a931b32eb7cb804d5",
        "6351ebb4a3287f5f3e1273464b3b91e5df5a16d7",
        "ac2618b2ce5cdcf86f9371bcca98bc5e37e46f51",
        "ca9047c78d48b606c4e4f0c456b1dda550de28b2",
        "3fbf6339273c50b04e886fa9bd4ad18c952a683d",
        "c8b25fab5608c3e033d34b4483ec47e68ba109b7",
        "9405cc0d6169988371b2755e573cc28650d14dfe"
    ],
    "s2id": "0a32e6ff6eaac83ff325bae4557a8362222979aa",
    "abstract": "Understanding videos is one of the fundamental directions in computer vision research, with extensive efforts dedicated to exploring various architectures such as RNN, 3D CNN, and Transformers. The newly proposed architecture of state space model, e.g., Mamba, shows promising traits to extend its success in long sequence modeling to video modeling. To assess whether Mamba can be a viable alternative to Transformers in the video understanding domain, in this work, we conduct a comprehensive set of studies, probing different roles Mamba can play in modeling videos, while investigating diverse tasks where Mamba could exhibit superiority. We categorize Mamba into four roles for modeling videos, deriving a Video Mamba Suite composed of 14 models/modules, and evaluating them on 12 video understanding tasks. Our extensive experiments reveal the strong potential of Mamba on both video-only and video-language tasks while showing promising efficiency-performance trade-offs. We hope this work could provide valuable data points and insights for future research on video understanding. Code is public: https://github.com/OpenGVLab/video-mamba-suite.",
    "authors": [
        "Guo Chen",
        "Yifei Huang",
        "Jilan Xu",
        "Baoqi Pei",
        "Zhe Chen",
        "Zhiqi Li",
        "Jiahao Wang",
        "Kunchang Li",
        "Tong Lu",
        "Limin Wang"
    ],
    "venue": "arXiv.org",
    "year": 2024,
    "tldr": {
        "model": "tldr@v2.0.0",
        "text": "This work categorizes Mamba into four roles for modeling videos, deriving a Video Mamba Suite composed of 14 models/modules, and evaluating them on 12 video understanding tasks, revealing the strong potential of Mamba on both video-only and video-language tasks while showing promising efficiency-performance trade-offs."
    },
    "citationCount": 31,
    "influentialCitationCount": 3,
    "code": null,
    "description": null,
    "url": null
}