{
    "acronym": "0a33c8d2e83b2d8d611698b52805232567724817",
    "title": "SpeechPainter: Text-conditioned Speech Inpainting",
    "seed_ids": [
        "perceiverio",
        "b3bf9fe13195e9aa70e1dac04e01fcff7008e812"
    ],
    "s2id": "0a33c8d2e83b2d8d611698b52805232567724817",
    "abstract": "We propose SpeechPainter, a model for filling in gaps of up to one second in speech samples by leveraging an auxiliary textual input. We demonstrate that the model performs speech inpainting with the appropriate content, while maintaining speaker identity, prosody and recording environment conditions, and generalizing to unseen speakers. Our approach significantly outperforms baselines constructed using adaptive TTS, as judged by human raters in side-by-side preference and MOS tests.",
    "authors": [
        "Zal\u00e1n Borsos",
        "Matthew Sharifi",
        "M. Tagliasacchi"
    ],
    "venue": "Interspeech",
    "year": 2022,
    "tldr": {
        "model": "tldr@v2.0.0",
        "text": "SpeechPainter is proposed, a model for filling in gaps of up to one second in speech samples by leveraging an auxiliary textual input and demonstrating that the model performs speech inpainting with the appropriate content, while maintaining speaker identity, prosody and recording environment conditions, and generalizing to unseen speakers."
    },
    "citationCount": 21,
    "influentialCitationCount": 0,
    "code": null,
    "description": null,
    "url": null
}