{
    "acronym": "0a41cb292242a82b2b09b3bf23b48349b981a640",
    "title": "DYLE: Dynamic Latent Extraction for Abstractive Long-Input Summarization",
    "seed_ids": [
        "bigbird",
        "longformer",
        "c600b697700c844cbc85009be70f1cdfeef3593e",
        "f8c6d9ed61fdf04cd390dce017a817152cf4d580",
        "ac95a18762133d4065ac8af518c33084d83c5582",
        "9dc624d7258d1a56117ca720aea953ce46b66b21",
        "7e9ff94476f41041c75e253e84f487db00e9c861",
        "94846f838853539e2ddf9440c09342cdb5b7a2c9",
        "7e5709d81558d3ef4265de29ea75931afeb1f2dd",
        "925ad2897d1b5decbea320d07e99afa9110e09b2",
        "01b15017ac59b8d6f2ce3598c4a7d6358c211426",
        "395de0bd3837fdf4b4b5e5f04835bcc69c279481",
        "4d244972ed2e0286363bfb054cb269574d21a72c"
    ],
    "s2id": "0a41cb292242a82b2b09b3bf23b48349b981a640",
    "abstract": "Transformer-based models have achieved state-of-the-art performance on short-input summarization. However, they still struggle with summarizing longer text. In this paper, we present DYLE, a novel dynamic latent extraction approach for abstractive long-input summarization. DYLE jointly trains an extractor and a generator and treats the extracted text snippets as the latent variable, allowing dynamic snippet-level attention weights during decoding. To provide adequate supervision, we propose simple yet effective heuristics for oracle extraction as well as a consistency loss term, which encourages the extractor to approximate the averaged dynamic weights predicted by the generator. We evaluate our method on different long-document and long-dialogue summarization tasks: GovReport, QMSum, and arXiv. Experiment results show that DYLE outperforms all existing methods on GovReport and QMSum, with gains up to 6.1 ROUGE, while yielding strong results on arXiv. Further analysis shows that the proposed dynamic weights provide interpretability of our generation process.",
    "authors": [
        "Ziming Mao",
        "Chen Henry Wu",
        "Ansong Ni",
        "Yusen Zhang",
        "Rui Zhang",
        "Tao Yu",
        "Budhaditya Deb",
        "Chenguang Zhu",
        "A. Awadallah",
        "Dragomir R. Radev"
    ],
    "venue": "Annual Meeting of the Association for Computational Linguistics",
    "year": 2021,
    "tldr": {
        "model": "tldr@v2.0.0",
        "text": "DYLE jointly trains an extractor and a generator and treats the extracted text snippets as the latent variable, allowing dynamic snippet-level attention weights during decoding, and shows that the proposed dynamic weights provide interpretability of the generation process."
    },
    "citationCount": 50,
    "influentialCitationCount": 6,
    "code": null,
    "description": null,
    "url": null
}