{
    "acronym": "0a549e4212b991af63c3362c8f5d500cdcc05cac",
    "title": "FairWire: Fair Graph Generation",
    "seed_ids": [
        "d3pms",
        "0dcd241afa426b287da651c13c61bb26f7c546dd"
    ],
    "s2id": "0a549e4212b991af63c3362c8f5d500cdcc05cac",
    "abstract": "Machine learning over graphs has recently attracted growing attention due to its ability to analyze and learn complex relations within critical interconnected systems. However, the disparate impact that is amplified by the use of biased graph structures in these algorithms has raised significant concerns for the deployment of them in real-world decision systems. In addition, while synthetic graph generation has become pivotal for privacy and scalability considerations, the impact of generative learning algorithms on the structural bias has not yet been investigated. Motivated by this, this work focuses on the analysis and mitigation of structural bias for both real and synthetic graphs. Specifically, we first theoretically analyze the sources of structural bias that result in disparity for the predictions of dyadic relations. To alleviate the identified bias factors, we design a novel fairness regularizer that offers a versatile use. Faced with the bias amplification in graph generation models that is brought to light in this work, we further propose a fair graph generation framework, FairWire, by leveraging our fair regularizer design in a generative model. Experimental results on real-world networks validate that the proposed tools herein deliver effective structural bias mitigation for both real and synthetic graphs.",
    "authors": [
        "O. D. Kose",
        "Yanning Shen"
    ],
    "venue": "arXiv.org",
    "year": 2024,
    "tldr": {
        "model": "tldr@v2.0.0",
        "text": "A fair graph generation framework, FairWire, is proposed by leveraging the sources of structural bias that result in disparity for the predictions of dyadic relations in a generative model by designing a novel fairness regularizer that offers a versatile use."
    },
    "citationCount": 2,
    "influentialCitationCount": 0,
    "code": null,
    "description": null,
    "url": null
}