{
    "acronym": "0a92a65bc674190e73d5c1b58ba4b20e56eca21d",
    "title": "Pre-training Protein Language Models with Label-Agnostic Binding Pairs Enhances Performance in Downstream Tasks",
    "seed_ids": [
        "longformer",
        "925ad2897d1b5decbea320d07e99afa9110e09b2",
        "9405cc0d6169988371b2755e573cc28650d14dfe"
    ],
    "s2id": "0a92a65bc674190e73d5c1b58ba4b20e56eca21d",
    "abstract": "Less than 1% of protein sequences are structurally and functionally annotated. Natural Language Processing (NLP) community has recently embraced self-supervised learning as a powerful approach to learn representations from unlabeled text, in large part due to the attention-based context-aware Transformer models. In this work we present a modification to the RoBERTa model by inputting during pre-training a mixture of binding and non-binding protein sequences (from STRING database). However, the sequence pairs have no label to indicate their binding status, as the model relies solely on Masked Language Modeling (MLM) objective during pre-training. After fine-tuning, such approach surpasses models trained on single protein sequences for protein-protein binding prediction, TCR-epitope binding prediction, cellular-localization and remote homology classification tasks. We suggest that the Transformer's attention mechanism contributes to protein binding site discovery. Furthermore, we compress protein sequences by 64% with the Byte Pair Encoding (BPE) vocabulary consisting of 10K subwords, each around 3-4 amino acids long. Finally, to expand the model input space to even larger proteins and multi-protein assemblies, we pre-train Longformer models that support 2,048 tokens. Further work in token-level classification for secondary structure prediction is needed. Code available at: this https URL",
    "authors": [
        "Modestas Filipavicius",
        "Matteo Manica",
        "Joris Cadow",
        "Mar\u00eda Rodr\u00edguez Mart\u00ednez"
    ],
    "venue": "arXiv.org",
    "year": 2020,
    "tldr": {
        "model": "tldr@v2.0.0",
        "text": "This work presents a modification to the RoBERTa model by inputting during pre-training a mixture of binding and non-binding protein sequences (from STRING database), however, the sequence pairs have no label to indicate their binding status, as the model relies solely on Masked Language Modeling (MLM) objective duringPre-training."
    },
    "citationCount": 12,
    "influentialCitationCount": 2,
    "code": null,
    "description": null,
    "url": null
}