{
    "acronym": "0a94fbb5e1c93513523f00e75d672ef4553861f9",
    "title": "Can Large Language Models Infer Causation from Correlation?",
    "seed_ids": [
        "gpt2",
        "13a0d8bb38f739990c8cd65a44061c6534f17221",
        "d766bffc357127e0dc86dd69561d5aeb520d6f4c",
        "395de0bd3837fdf4b4b5e5f04835bcc69c279481",
        "4d16457cded23bce6eaa91cd17aefd22af2279f0",
        "9405cc0d6169988371b2755e573cc28650d14dfe"
    ],
    "s2id": "0a94fbb5e1c93513523f00e75d672ef4553861f9",
    "abstract": "Causal inference is one of the hallmarks of human intelligence. While the field of CausalNLP has attracted much interest in the recent years, existing causal inference datasets in NLP primarily rely on discovering causality from empirical knowledge (e.g., commonsense knowledge). In this work, we propose the first benchmark dataset to test the pure causal inference skills of large language models (LLMs). Specifically, we formulate a novel task Corr2Cause, which takes a set of correlational statements and determines the causal relationship between the variables. We curate a large-scale dataset of more than 200K samples, on which we evaluate seventeen existing LLMs. Through our experiments, we identify a key shortcoming of LLMs in terms of their causal inference skills, and show that these models achieve almost close to random performance on the task. This shortcoming is somewhat mitigated when we try to re-purpose LLMs for this skill via finetuning, but we find that these models still fail to generalize -- they can only perform causal inference in in-distribution settings when variable names and textual expressions used in the queries are similar to those in the training set, but fail in out-of-distribution settings generated by perturbing these queries. Corr2Cause is a challenging task for LLMs, and would be helpful in guiding future research on improving LLMs' pure reasoning skills and generalizability. Our data is at https://huggingface.co/datasets/causalnlp/corr2cause. Our code is at https://github.com/causalNLP/corr2cause.",
    "authors": [
        "Zhijing Jin",
        "Jiarui Liu",
        "Zhiheng Lyu",
        "Spencer Poff",
        "Mrinmaya Sachan",
        "Rada Mihalcea",
        "Mona T. Diab",
        "B. Scholkopf"
    ],
    "venue": "arXiv.org",
    "year": 2023,
    "tldr": {
        "model": "tldr@v2.0.0",
        "text": "This work proposes the first benchmark dataset to test the pure causal inference skills of large language models (LLMs), and formulates a novel task Corr2Cause, which takes a set of correlational statements and determines the causal relationship between the variables."
    },
    "citationCount": 58,
    "influentialCitationCount": 4,
    "code": null,
    "description": null,
    "url": null
}