{
    "acronym": "0a9b7f2ff0e25f4eecd946bae4ad2f8c2d53b562",
    "title": "Automated essay scoring using efficient transformer-based language models",
    "seed_ids": [
        "reformer",
        "3fbf6339273c50b04e886fa9bd4ad18c952a683d",
        "c0b79e6a5fd88ef13aa4780df5aae0aaa6b2be87",
        "925ad2897d1b5decbea320d07e99afa9110e09b2",
        "2573af4e13d9a5dddb257d22cd38a600528d9a8b",
        "e0c6abdbdecf04ffac65c440da77fb9d66bb474c",
        "d9f6ada77448664b71128bb19df15765336974a6"
    ],
    "s2id": "0a9b7f2ff0e25f4eecd946bae4ad2f8c2d53b562",
    "abstract": "Automated Essay Scoring (AES) is a cross-disciplinary effort involving Education, Linguistics, and Natural Language Processing (NLP). The efficacy of an NLP model in AES tests it ability to evaluate long-term dependencies and extrapolate meaning even when text is poorly written. Large pretrained transformer-based language models have dominated the current state-of-the-art in many NLP tasks, however, the computational requirements of these models make them expensive to deploy in practice. The goal of this paper is to challenge the paradigm in NLP that bigger is better when it comes to AES. To do this, we evaluate the performance of several fine-tuned pretrained NLP models with a modest number of parameters on an AES dataset. By ensembling our models, we achieve excellent results with fewer parameters than most pretrained transformer-based models.",
    "authors": [
        "C. Ormerod",
        "Akanksha Malhotra",
        "Amir Jafari"
    ],
    "venue": "arXiv.org",
    "year": 2021,
    "tldr": {
        "model": "tldr@v2.0.0",
        "text": "This paper evaluates the performance of several fine-tuned pretrained NLP models with a modest number of parameters on an AES dataset and achieves excellent results with fewer parameters than most pretrained transformer-based models."
    },
    "citationCount": 24,
    "influentialCitationCount": 4,
    "code": null,
    "description": null,
    "url": null
}