{
    "acronym": "0aacc3d2af7eb6e50dbc83949ee056096379055e",
    "title": "NLPR@SRPOL at SemEval-2019 Task 6 and Task 5: Linguistically enhanced deep learning offensive sentence classifier",
    "seed_ids": [
        "gpt"
    ],
    "s2id": "0aacc3d2af7eb6e50dbc83949ee056096379055e",
    "abstract": "The paper presents a system developed for the SemEval-2019 competition Task 5 hat- Eval Basile et al. (2019) (team name: LU Team) and Task 6 OffensEval Zampieri et al. (2019b) (team name: NLPR@SRPOL), where we achieved 2nd position in Subtask C. The system combines in an ensemble several models (LSTM, Transformer, OpenAI\u2019s GPT, Random forest, SVM) with various embeddings (custom, ELMo, fastText, Universal Encoder) together with additional linguistic features (number of blacklisted words, special characters, etc.). The system works with a multi-tier blacklist and a large corpus of crawled data, annotated for general offensiveness. In the paper we do an extensive analysis of our results and show how the combination of features and embedding affect the performance of the models.",
    "authors": [
        "Alessandro Seganti",
        "Helena Sobol",
        "Iryna Orlova",
        "Hannam Kim",
        "J. Staniszewski",
        "Tymoteusz Krumholc",
        "Krystian Koziel"
    ],
    "venue": "International Workshop on Semantic Evaluation",
    "year": 2019,
    "tldr": {
        "model": "tldr@v2.0.0",
        "text": "An extensive analysis of the results is done and shows how the combination of features and embedding affect the performance of the models."
    },
    "citationCount": 19,
    "influentialCitationCount": 0,
    "code": null,
    "description": null,
    "url": null
}