{
    "acronym": "0b0debb710366cdff461938c80763eace1651af6",
    "title": "Code Llama: Open Foundation Models for Code",
    "seed_ids": [
        "pi",
        "roformer",
        "f5afaccfe90268485a9961c5771ec5e71e9b806c",
        "2a09ebbfcca1a6994eeb472cd4159f5f3858dbf9",
        "6f6e2e0311589a9af045f6acd00b7dee6d19fce4",
        "412e266cddfd87c79087a88ba1e4d11b89a45a13",
        "1bf21dabbdfc81fd4f9e92b1201ecce744cabb6a",
        "9575afb5702bc33d7df14c48feeee5901ea00369",
        "964bd39b546f0f6625ff3b9ef1083f797807ef2e",
        "13a0d8bb38f739990c8cd65a44061c6534f17221",
        "a2fc77f075f666b462d9350e7576f0ba9845c61b",
        "d766bffc357127e0dc86dd69561d5aeb520d6f4c",
        "66c10bf1f11bc1b2d92204d8f8391d087f6de1c4",
        "0646bb09db4d1ba24150e69b71edcd4aff691b3c",
        "925ad2897d1b5decbea320d07e99afa9110e09b2",
        "0fe2636446cd686830da3d971b31a004d6094b3c"
    ],
    "s2id": "0b0debb710366cdff461938c80763eace1651af6",
    "abstract": "We release Code Llama, a family of large language models for code based on Llama 2 providing state-of-the-art performance among open models, infilling capabilities, support for large input contexts, and zero-shot instruction following ability for programming tasks. We provide multiple flavors to cover a wide range of applications: foundation models (Code Llama), Python specializations (Code Llama - Python), and instruction-following models (Code Llama - Instruct) with 7B, 13B, 34B and 70B parameters each. All models are trained on sequences of 16k tokens and show improvements on inputs with up to 100k tokens. 7B, 13B and 70B Code Llama and Code Llama - Instruct variants support infilling based on surrounding content. Code Llama reaches state-of-the-art performance among open models on several code benchmarks, with scores of up to 67% and 65% on HumanEval and MBPP, respectively. Notably, Code Llama - Python 7B outperforms Llama 2 70B on HumanEval and MBPP, and all our models outperform every other publicly available model on MultiPL-E. We release Code Llama under a permissive license that allows for both research and commercial use.",
    "authors": [
        "Baptiste Rozi\u00e8re",
        "Jonas Gehring",
        "Fabian Gloeckle",
        "Sten Sootla",
        "Itai Gat",
        "Xiaoqing Tan",
        "Yossi Adi",
        "Jingyu Liu",
        "Tal Remez",
        "J. Rapin",
        "Artyom Kozhevnikov",
        "I. Evtimov",
        "Joanna Bitton",
        "Manish P Bhatt",
        "Cristian Cant\u00f3n Ferrer",
        "Aaron Grattafiori",
        "Wenhan Xiong",
        "Alexandre D'efossez",
        "Jade Copet",
        "F. Azhar",
        "Hugo Touvron",
        "Louis Martin",
        "Nicolas Usunier",
        "Thomas Scialom",
        "Gabriel Synnaeve"
    ],
    "venue": "arXiv.org",
    "year": 2023,
    "tldr": {
        "model": "tldr@v2.0.0",
        "text": null
    },
    "citationCount": 935,
    "influentialCitationCount": 140,
    "code": null,
    "description": null,
    "url": null
}