{
    "acronym": "0b24f27d920bd1d23c8f6a1ab2b603c5c14f0a36",
    "title": "Deep Learning applications for COVID-19",
    "seed_ids": [
        "gpt",
        "d9f6ada77448664b71128bb19df15765336974a6"
    ],
    "s2id": "0b24f27d920bd1d23c8f6a1ab2b603c5c14f0a36",
    "abstract": null,
    "authors": [
        "Connor Shorten",
        "T. Khoshgoftaar",
        "B. Furht"
    ],
    "venue": "Journal of Big Data",
    "year": 2021,
    "tldr": {
        "model": "tldr@v2.0.0",
        "text": "This survey explores how Deep Learning has battled the CO VID-19 pandemic and provides directions for future research on COVID-19, and evaluates the current state of Deep Learning and concludes with key limitations of Deep learning for COvid-19 applications."
    },
    "citationCount": 227,
    "influentialCitationCount": 5,
    "code": null,
    "description": null,
    "url": null
}