{
    "acronym": "0b2eca5d67d05266ea5a869549fc8e7b6ad83db8",
    "title": "Visual Grounding of Whole Radiology Reports for 3D CT Images",
    "seed_ids": [
        "bert"
    ],
    "s2id": "0b2eca5d67d05266ea5a869549fc8e7b6ad83db8",
    "abstract": null,
    "authors": [
        "Akimichi Ichinose",
        "Taro Hatsutani",
        "Keigo Nakamura",
        "Yoshiro Kitamura",
        "S. Iizuka",
        "E. Simo-Serra",
        "Shoji Kido",
        "Noriyuki Tomiyama"
    ],
    "venue": "International Conference on Medical Image Computing and Computer-Assisted Intervention",
    "year": 2023,
    "tldr": {
        "model": "tldr@v2.0.0",
        "text": "This paper presents the first visual grounding framework designed for CT image and report pairs covering various body parts and diverse anomaly types, and demonstrates that the combination of the anatomical segmentation and the report structuring improves the performance with a large margin over the baseline model."
    },
    "citationCount": 3,
    "influentialCitationCount": 0,
    "code": null,
    "description": null,
    "url": null
}