{
    "acronym": "0b315e6d4d800e04caf2f587312ce163e748d10c",
    "title": "Numeric Magnitude Comparison Effects in Large Language Models",
    "seed_ids": [
        "gpt2",
        "395de0bd3837fdf4b4b5e5f04835bcc69c279481",
        "e0c6abdbdecf04ffac65c440da77fb9d66bb474c",
        "9405cc0d6169988371b2755e573cc28650d14dfe"
    ],
    "s2id": "0b315e6d4d800e04caf2f587312ce163e748d10c",
    "abstract": "Large Language Models (LLMs) do not differentially represent numbers, which are pervasive in text. In contrast, neuroscience research has identified distinct neural representations for numbers and words. In this work, we investigate how well popular LLMs capture the magnitudes of numbers (e.g., that $4<5$) from a behavioral lens. Prior research on the representational capabilities of LLMs evaluates whether they show human-level performance, for instance, high overall accuracy on standard benchmarks. Here, we ask a different question, one inspired by cognitive science: How closely do the number representations of LLMscorrespond to those of human language users, who typically demonstrate the distance, size, and ratio effects? We depend on a linking hypothesis to map the similarities among the model embeddings of number words and digits to human response times. The results reveal surprisingly human-like representations across language models of different architectures, despite the absence of the neural circuitry that directly supports these representations in the human brain. This research shows the utility of understanding LLMs using behavioral benchmarks and points the way to future work on the number representations of LLMs and their cognitive plausibility.",
    "authors": [
        "Raj Sanjay Shah",
        "Vijay Marupudi",
        "Reba Koenen",
        "Khushi Bhardwaj",
        "S. Varma"
    ],
    "venue": "Annual Meeting of the Association for Computational Linguistics",
    "year": 2023,
    "tldr": {
        "model": "tldr@v2.0.0",
        "text": "This work investigates how well popular LLMs capture the magnitudes of numbers from a behavioral lens and relies on a linking hypothesis to map the similarities among the model embeddings of number words and digits to human response times."
    },
    "citationCount": 3,
    "influentialCitationCount": 0,
    "code": null,
    "description": null,
    "url": null
}