{
    "acronym": "0b4ecd58bddf15ef7204af7f3daad5f55057c66f",
    "title": "Signal Smoothing and Syntactic Choices: A Critical Reflection on the UID Hypothesis",
    "seed_ids": [
        "gpt2",
        "97a531f96a8d9a4c1d379637daf7dcc714db1b35",
        "9405cc0d6169988371b2755e573cc28650d14dfe"
    ],
    "s2id": "0b4ecd58bddf15ef7204af7f3daad5f55057c66f",
    "abstract": "Abstract The Smooth Signal Redundancy Hypothesis explains variations in syllable length as a means to more uniformly distribute information throughout the speech signal. The Uniform Information Density hypothesis seeks to generalize this to choices on all linguistic levels, particularly syntactic choices. While there is some evidence for the Uniform Information Density hypothesis, it faces several challenges, four of which are discussed in this paper. First, it is not clear what exactly counts as uniform. Second, there are syntactic alternations that occur systematically but that can cause notable fluctuations in the information signature. Third, there is an increasing body of negative results. Fourth, there is a lack of large-scale evidence. As to the fourth point, this paper provides a broader array of data\u2014936 sentence pairs for nine syntactic constructions\u2014and analyzes them in a test setup that treats the hypothesis as a classifier. For our data, the Uniform Information Density hypothesis showed little predictive capacity. We explore ways to reconcile our data with theory.",
    "authors": [
        "Tom S. Juzek"
    ],
    "venue": "Open Mind",
    "year": 2024,
    "tldr": null,
    "citationCount": 0,
    "influentialCitationCount": 0,
    "code": null,
    "description": null,
    "url": null
}