{
    "acronym": "0bb0b4507683a0ad4271e1245234b80f03683f50",
    "title": "TransliCo: A Contrastive Learning Framework to Address the Script Barrier in Multilingual Pretrained Language Models",
    "seed_ids": [
        "bert",
        "c61065446ad3f2851b6553afeb5e6afc3fabdf94",
        "026b3396a63ed5772329708b7580d633bb86bec9",
        "311909621177c397c6b7099beff32332124f7d46"
    ],
    "s2id": "0bb0b4507683a0ad4271e1245234b80f03683f50",
    "abstract": "The world's more than 7000 languages are written in at least 293 scripts. Due to various reasons, many closely related languages use different scripts, which poses a difficulty for multilingual pretrained language models (mPLMs) in learning crosslingual knowledge through lexical overlap. As a consequence, mPLMs are faced with a script barrier: representations from different scripts are located in different subspaces, which can result in crosslingual transfer involving languages of different scripts performing suboptimally. To address this problem, we propose TransliCo, a framework that optimizes the Transliteration Contrastive Modeling (TCM) objective to fine-tune an mPLM by contrasting sentences in its training data and their transliterations in a unified script (in our case Latin), which enhances uniformity in the representation space for different scripts. Using Glot500-m, an mPLM pretrained on over 500 languages, as our source model, we fine-tune it on a small portion (5%) of its training data, and refer to the resulting model as Furina. We show that Furina not only better aligns representations from distinct scripts but also outperforms the original Glot500-m on various zero-shot crosslingual transfer tasks. Additionally, we achieve consistent improvement in a case study on the Indic group where the languages exhibit areal features but use different scripts. We make our code and models publicly available.",
    "authors": [
        "Yihong Liu",
        "Chunlan Ma",
        "Haotian Ye",
        "Hinrich Sch\u00fctze"
    ],
    "venue": "arXiv.org",
    "year": 2024,
    "tldr": {
        "model": "tldr@v2.0.0",
        "text": "TransliCo is proposed, a framework that optimizes the Transliteration Contrastive Modeling (TCM) objective to fine-tune an mPLM by contrasting sentences in its training data and their transliterations in a unified script, which enhances uniformity in the representation space for different scripts."
    },
    "citationCount": 0,
    "influentialCitationCount": 0,
    "code": null,
    "description": null,
    "url": null
}