{
    "acronym": "0bd5beed98675a63f9207851674d478009549900",
    "title": "Generating Summaries with Topic Templates and Structured Convolutional Decoders",
    "seed_ids": [
        "memcompress"
    ],
    "s2id": "0bd5beed98675a63f9207851674d478009549900",
    "abstract": "Existing neural generation approaches create multi-sentence text as a single sequence. In this paper we propose a structured convolutional decoder that is guided by the content structure of target summaries. We compare our model with existing sequential decoders on three data sets representing different domains. Automatic and human evaluation demonstrate that our summaries have better content coverage.",
    "authors": [
        "Laura Perez-Beltrachini",
        "Yang Liu",
        "Mirella Lapata"
    ],
    "venue": "Annual Meeting of the Association for Computational Linguistics",
    "year": 2019,
    "tldr": {
        "model": "tldr@v2.0.0",
        "text": "This paper proposes a structured convolutional decoder that is guided by the content structure of target summaries and compares its model with existing sequential decoders on three data sets representing different domains."
    },
    "citationCount": 38,
    "influentialCitationCount": 4,
    "code": null,
    "description": null,
    "url": null
}