{
    "acronym": "0c08725a79cb5dbb1354793a287810646dbefe52",
    "title": "Residual Quantization with Implicit Neural Codebooks",
    "seed_ids": [
        "bert"
    ],
    "s2id": "0c08725a79cb5dbb1354793a287810646dbefe52",
    "abstract": "Vector quantization is a fundamental operation for data compression and vector search. To obtain high accuracy, multi-codebook methods represent each vector using codewords across several codebooks. Residual quantization (RQ) is one such method, which iteratively quantizes the error of the previous step. While the error distribution is dependent on previously-selected codewords, this dependency is not accounted for in conventional RQ as it uses a fixed codebook per quantization step. In this paper, we propose QINCo, a neural RQ variant that constructs specialized codebooks per step that depend on the approximation of the vector from previous steps. Experiments show that QINCo outperforms state-of-the-art methods by a large margin on several datasets and code sizes. For example, QINCo achieves better nearest-neighbor search accuracy using 12-byte codes than the state-of-the-art UNQ using 16 bytes on the BigANN1M and Deep1M datasets.",
    "authors": [
        "Iris Huijben",
        "Matthijs Douze",
        "Matthew Muckley",
        "Ruud van Sloun",
        "Jakob Verbeek"
    ],
    "venue": "arXiv.org",
    "year": 2024,
    "tldr": {
        "model": "tldr@v2.0.0",
        "text": "QINCo is proposed, a neural RQ variant that constructs specialized codebooks per step that depend on the approximation of the vector from previous steps that outperforms state-of-the-art methods by a large margin on several datasets and code sizes."
    },
    "citationCount": 3,
    "influentialCitationCount": 0,
    "code": null,
    "description": null,
    "url": null
}