{
    "acronym": "0c157e29e68fb4e7a068cad20f6713105d481422",
    "title": "RICOA: Rich Captioning with Object Attributes",
    "seed_ids": [
        "bert"
    ],
    "s2id": "0c157e29e68fb4e7a068cad20f6713105d481422",
    "abstract": "In this study, we demonstrate how state-of-the-art baseline image captioning methods overlook important details in the image and we analyze the reasoning behind this problem. We propose a novel approach, named RICOA (RIch Captioning with Object Attributes), which integrates object attributes to the generated captions. Our analyses demonstrate that the proposed approach generates richer and more visually grounded captions by integrating attributes of the objects in the scene to the generated captions successfully.",
    "authors": [
        "Enes Muvahhid \u015eahin",
        "G. Akar"
    ],
    "venue": "IEEE International Conference on Consumer Electronics",
    "year": 2024,
    "tldr": {
        "model": "tldr@v2.0.0",
        "text": "This study demonstrates how state-of-the-art baseline image captioning methods overlook important details in the image and proposes a novel approach, named RICOA (RIch Captioning with Object Attributes), which integrates object attributes to the generated captions."
    },
    "citationCount": 0,
    "influentialCitationCount": 0,
    "code": null,
    "description": null,
    "url": null
}