{
    "acronym": "0c17c30c7194c2d1d6c37a0f1c2cbd0c9f89899e",
    "title": "ZigMa: A DiT-style Zigzag Mamba Diffusion Model",
    "seed_ids": [
        "s4",
        "mamba",
        "cf93c04b73d50ba097151ee3e2a9f47fda4a8525",
        "b9646f057887825d7471ec01664494b0b7ca5a83",
        "26e6cd121c5fdb147df83cb848e4813c926737c8",
        "7351898febca53d01453283c9b1a541b662e1ed3",
        "e730beb44042499763d36214c0498434e470dfd5",
        "2dda6da7375bf5e8bcf60f87b17ba10757f3bc57",
        "7154fc93bdefcd237a0ce3902511c0b154049253",
        "1df04f33a8ef313cc2067147dbb79c3ca7c5c99f",
        "3169a2478154e26fd7f63fdf43cf3a24f1007962",
        "a6e2dca754f3dc625a9da5f10f9b7a57079bfd27",
        "9b91b3031ea159e4964d18b2ce703168660ecf46",
        "b24e899ec0f77eef2fc87a9b8e50516367aa1f97",
        "38c48a1cd296d16dc9c56717495d6e44cc354444",
        "95b2cb3f4a765014ce025afe5679660982554e6c",
        "7bb51177bddf2c6ca1194f36a07d6a6ba75e293c",
        "9c5062743eaace5c1ff822bba819031f05cd3106",
        "ade22704be8a0fc3730d320cc7934b2ccbcd97e4",
        "99388222489dd3375e8ede0225160e6a3a0812e4",
        "02ad9f3fefe33cb9ca546591bec65dbdf7766c80",
        "db916693bc6f0b858b290b5963c8f012f8e8bccd",
        "b3caabbae4b7c3b842086b21940ce9d5b25d476f",
        "6827e87642874d9bf69f0f1548d79a164aaa5e1e",
        "5a77b508302771fc083bf24e0bcda8553c9b5421",
        "a128b1c47e6842605fb95bceae930d2135fc38fc",
        "6d7d141c75af752ffc0d8a6184cca3f9323d6c74",
        "ca444821352a4bd91884413d8070446e2960715a",
        "2f4c451922e227cbbd4f090b74298445bbd900d0",
        "87c5b281fa43e6f27191b20a8dd694eda1126336",
        "3b2a675bb617ae1a920e8e29d535cdf27826e999",
        "c10075b3746a9f3dd5811970e93c8ca3ad39b39d",
        "ac2618b2ce5cdcf86f9371bcca98bc5e37e46f51",
        "ca9047c78d48b606c4e4f0c456b1dda550de28b2",
        "94bcd712aed610b8eaeccc57136d65ec988356f2",
        "3fbf6339273c50b04e886fa9bd4ad18c952a683d",
        "925ad2897d1b5decbea320d07e99afa9110e09b2",
        "c49c292e1fb1d215c88828a52134b7ccfa52be44",
        "c8b25fab5608c3e033d34b4483ec47e68ba109b7"
    ],
    "s2id": "0c17c30c7194c2d1d6c37a0f1c2cbd0c9f89899e",
    "abstract": "The diffusion model has long been plagued by scalability and quadratic complexity issues, especially within transformer-based structures. In this study, we aim to leverage the long sequence modeling capability of a State-Space Model called Mamba to extend its applicability to visual data generation. Firstly, we identify a critical oversight in most current Mamba-based vision methods, namely the lack of consideration for spatial continuity in the scan scheme of Mamba. Secondly, building upon this insight, we introduce a simple, plug-and-play, zero-parameter method named Zigzag Mamba, which outperforms Mamba-based baselines and demonstrates improved speed and memory utilization compared to transformer-based baselines. Lastly, we integrate Zigzag Mamba with the Stochastic Interpolant framework to investigate the scalability of the model on large-resolution visual datasets, such as FacesHQ $1024\\times 1024$ and UCF101, MultiModal-CelebA-HQ, and MS COCO $256\\times 256$ . Code will be released at https://taohu.me/zigma/",
    "authors": [
        "Vincent Tao Hu",
        "S. A. Baumann",
        "Ming Gui",
        "Olga Grebenkova",
        "Pingchuan Ma",
        "Johannes S. Fischer",
        "Bjorn Ommer"
    ],
    "venue": "arXiv.org",
    "year": 2024,
    "tldr": {
        "model": "tldr@v2.0.0",
        "text": "This study aims to leverage the long sequence modeling capability of a State-Space Model called Mamba to extend its applicability to visual data generation, and introduces a simple, plug-and-play, zero-parameter method named Zigzag Mamba, which outperforms Mamba-based baselines and demonstrates improved speed and memory utilization compared to transformer-based baselines."
    },
    "citationCount": 5,
    "influentialCitationCount": 0,
    "code": null,
    "description": null,
    "url": null
}