{
    "acronym": "0cae650c4dff19057cde78bfcc6775e45bd5d3e8",
    "title": "TeenyTinyLlama: open-source tiny language models trained in Brazilian Portuguese",
    "seed_ids": [
        "gpt2",
        "bert",
        "3783c7c074513fcee62c851b2abb2e264c2cbde3",
        "1ebcf1884390c28f24b3adaf5a7aba5b9453b48b",
        "0b0debb710366cdff461938c80763eace1651af6",
        "9e16d8cc6096ec0d2733a4ecf41ce09d9a4bd19c",
        "026b3396a63ed5772329708b7580d633bb86bec9",
        "be55e8ec4213868db08f2c3168ae666001bea4b8",
        "964bd39b546f0f6625ff3b9ef1083f797807ef2e",
        "87c5b281fa43e6f27191b20a8dd694eda1126336",
        "13a0d8bb38f739990c8cd65a44061c6534f17221",
        "d766bffc357127e0dc86dd69561d5aeb520d6f4c",
        "66c10bf1f11bc1b2d92204d8f8391d087f6de1c4",
        "8323c591e119eb09b28b29fd6c7bc76bd889df7a",
        "8b0f27bb594b1eaaf493eaf1e2ee723a2b0a19ad",
        "9405cc0d6169988371b2755e573cc28650d14dfe"
    ],
    "s2id": "0cae650c4dff19057cde78bfcc6775e45bd5d3e8",
    "abstract": null,
    "authors": [
        "N. Corr\u00eaa",
        "Sophia Falk",
        "Shiza Fatimah",
        "Aniket Sen",
        "N. D. Oliveira"
    ],
    "venue": "Machine Learning with Applications",
    "year": 2024,
    "tldr": {
        "model": "tldr@v2.0.0",
        "text": "This is the TeenyTinyLlama pair: two compact models for Brazilian Portuguese text generation under the permissive Apache 2.0 license on GitHub and Hugging Face for community use and further development."
    },
    "citationCount": 2,
    "influentialCitationCount": 0,
    "code": null,
    "description": null,
    "url": null
}