{
    "acronym": "0cdae18a242eed67b46a1750c546b9bd8d812144",
    "title": "The Influence of Data Pre-processing and Post-processing on Long Document Summarization",
    "seed_ids": [
        "bigbird",
        "longformer",
        "9dc624d7258d1a56117ca720aea953ce46b66b21",
        "925ad2897d1b5decbea320d07e99afa9110e09b2"
    ],
    "s2id": "0cdae18a242eed67b46a1750c546b9bd8d812144",
    "abstract": "Long document summarization is an important and hard task in the field of natural language processing. A good performance of the long document summarization reveals the model has a decent understanding of the human language. Currently, most researches focus on how to modify the attention mechanism of the transformer to achieve a higher ROUGE score. The study of data pre-processing and post-processing are relatively few. In this paper, we use two pre-processing methods and a post-processing method and analyze the effect of these methods on various long document summarization models.",
    "authors": [
        "Xinwei Du",
        "Kailun Dong",
        "Yuchen Zhang",
        "Yongsheng Li",
        "R. Tsay"
    ],
    "venue": "arXiv.org",
    "year": 2021,
    "tldr": {
        "model": "tldr@v2.0.0",
        "text": "Two pre-processing methods and a post-processing method are used and the effect of these methods on various long document summarization models are analyzed."
    },
    "citationCount": 0,
    "influentialCitationCount": 0,
    "code": null,
    "description": null,
    "url": null
}