{
    "acronym": "0d24a88f29dd87efb90dc8b33c1f41c25f63e574",
    "title": "An Unforgeable Publicly Verifiable Watermark for Large Language Models",
    "seed_ids": [
        "gpt2",
        "13a0d8bb38f739990c8cd65a44061c6534f17221",
        "395de0bd3837fdf4b4b5e5f04835bcc69c279481",
        "9405cc0d6169988371b2755e573cc28650d14dfe"
    ],
    "s2id": "0d24a88f29dd87efb90dc8b33c1f41c25f63e574",
    "abstract": "Recently, text watermarking algorithms for large language models (LLMs) have been proposed to mitigate the potential harms of text generated by LLMs, including fake news and copyright issues. However, current watermark detection algorithms require the secret key used in the watermark generation process, making them susceptible to security breaches and counterfeiting during public detection. To address this limitation, we propose an unforgeable publicly verifiable watermark algorithm named UPV that uses two different neural networks for watermark generation and detection, instead of using the same key at both stages. Meanwhile, the token embedding parameters are shared between the generation and detection networks, which makes the detection network achieve a high accuracy very efficiently. Experiments demonstrate that our algorithm attains high detection accuracy and computational efficiency through neural networks. Subsequent analysis confirms the high complexity involved in forging the watermark from the detection network. Our code is available at \\href{https://github.com/THU-BPM/unforgeable_watermark}{https://github.com/THU-BPM/unforgeable\\_watermark}. Additionally, our algorithm could also be accessed through MarkLLM \\citep{pan2024markllm} \\footnote{https://github.com/THU-BPM/MarkLLM}.",
    "authors": [
        "Aiwei Liu",
        "Leyi Pan",
        "Xuming Hu",
        "Shuang Li",
        "Lijie Wen",
        "Irwin King",
        "Philip S. Yu"
    ],
    "venue": "",
    "year": 2023,
    "tldr": {
        "model": "tldr@v2.0.0",
        "text": "This work proposes an unforgeable publicly verifiable watermark algorithm named UPV that uses two different neural networks for watermark generation and detection, instead of using the same key at both stages."
    },
    "citationCount": 10,
    "influentialCitationCount": 0,
    "code": null,
    "description": null,
    "url": null
}