{
    "acronym": "0d508600d77d8a7e6a655cdb6d139779732f649f",
    "title": "Stable, Fast and Accurate: Kernelized Attention with Relative Positional Encoding",
    "seed_ids": [
        "performer",
        "rfa",
        "94bcd712aed610b8eaeccc57136d65ec988356f2",
        "054e307c1edf4b28137ffcbce980fe81f0647d20",
        "9ed25f101f19ea735ca300848948ed64064b97ca",
        "79b4ec1aaf67a04a9afa0d8138f84b7be66c00cb",
        "6fa1cfc4f97f03a8485692418c7aa1a06c574a85",
        "c0f709acf38eb27702b0fbce1215db0ebaa2de2b",
        "3fbf6339273c50b04e886fa9bd4ad18c952a683d",
        "7e5709d81558d3ef4265de29ea75931afeb1f2dd",
        "6f68e1bb253925d8431588555d3010419f322e04",
        "c0b79e6a5fd88ef13aa4780df5aae0aaa6b2be87",
        "2cf3bd0cc1382f35384e259d99e4f9744eeaed28",
        "366244acdd930e488ae224ab6e2a92dc24aa7e06",
        "8cef9900c04d7f661c08f4b5b1ed4337ace042a3",
        "e0c6abdbdecf04ffac65c440da77fb9d66bb474c",
        "faadd7d081c8d67e8c2567e8a5579e46cd6b2280",
        "c8b25fab5608c3e033d34b4483ec47e68ba109b7",
        "9405cc0d6169988371b2755e573cc28650d14dfe"
    ],
    "s2id": "0d508600d77d8a7e6a655cdb6d139779732f649f",
    "abstract": "The attention module, which is a crucial component in Transformer, cannot scale efficiently to long sequences due to its quadratic complexity. Many works focus on approximating the dot-then-exponentiate softmax function in the original attention, leading to sub-quadratic or even linear-complexity Transformer architectures. However, we show that these methods cannot be applied to more powerful attention modules that go beyond the dot-then-exponentiate style, e.g., Transformers with relative positional encoding (RPE). Since in many state-of-the-art models, relative positional encoding is used as default, designing efficient Transformers that can incorporate RPE is appealing. In this paper, we propose a novel way to accelerate attention calculation for Transformers with RPE on top of the kernelized attention. Based upon the observation that relative positional encoding forms a Toeplitz matrix, we mathematically show that kernelized attention with RPE can be calculated efficiently using Fast Fourier Transform (FFT). With FFT, our method achieves $\\mathcal{O}(n\\log n)$ time complexity. Interestingly, we further demonstrate that properly using relative positional encoding can mitigate the training instability problem of vanilla kernelized attention. On a wide range of tasks, we empirically show that our models can be trained from scratch without any optimization issues. The learned model performs better than many efficient Transformer variants and is faster than standard Transformer in the long-sequence regime.",
    "authors": [
        "Shengjie Luo",
        "Shanda Li",
        "Tianle Cai",
        "Di He",
        "Dinglan Peng",
        "Shuxin Zheng",
        "Guolin Ke",
        "Liwei Wang",
        "Tie-Yan Liu"
    ],
    "venue": "Neural Information Processing Systems",
    "year": 2021,
    "tldr": {
        "model": "tldr@v2.0.0",
        "text": "A novel way to accelerate attention calculation for Transformers with RPE on top of the kernelized attention using Fast Fourier Transform (FFT), and demonstrates that properly using relative positional encoding can mitigate the training instability problem of vanilla Kernelized attention."
    },
    "citationCount": 43,
    "influentialCitationCount": 3,
    "code": null,
    "description": null,
    "url": null
}