{
    "acronym": "0d6a63cce33bc83f56fa3145dbd120a8099358df",
    "title": "Language Model Can Do Knowledge Tracing: Simple but Effective Method to Integrate Language Model and Knowledge Tracing Task",
    "seed_ids": [
        "bert",
        "80f9f109d1564cb8f82aa440a5f6f3fbe220c9ef"
    ],
    "s2id": "0d6a63cce33bc83f56fa3145dbd120a8099358df",
    "abstract": "Knowledge Tracing (KT) is a critical task in online learning for modeling student knowledge over time. Despite the success of deep learning-based KT models, which rely on sequences of numbers as data, most existing approaches fail to leverage the rich semantic information in the text of questions and concepts. This paper proposes Language model-based Knowledge Tracing (LKT), a novel framework that integrates pre-trained language models (PLMs) with KT methods. By leveraging the power of language models to capture semantic representations, LKT effectively incorporates textual information and significantly outperforms previous KT models on large benchmark datasets. Moreover, we demonstrate that LKT can effectively address the cold-start problem in KT by leveraging the semantic knowledge captured by PLMs. Interpretability of LKT is enhanced compared to traditional KT models due to its use of text-rich data. We conducted the local interpretable model-agnostic explanation technique and analysis of attention scores to interpret the model performance further. Our work highlights the potential of integrating PLMs with KT and paves the way for future research in KT domain.",
    "authors": [
        "Unggi Lee",
        "Jiyeong Bae",
        "Dohee Kim",
        "Sookbun Lee",
        "Jaekwon Park",
        "Taekyung Ahn",
        "Gunho Lee",
        "Damji Stratton",
        "Hyeoncheol Kim"
    ],
    "venue": "arXiv.org",
    "year": 2024,
    "tldr": {
        "model": "tldr@v2.0.0",
        "text": "This paper proposes Language model-based Knowledge Tracing (LKT), a novel framework that integrates pre-trained language models (PLMs) with KT methods that effectively incorporates textual information and significantly outperforms previous KT models on large benchmark datasets."
    },
    "citationCount": 0,
    "influentialCitationCount": 0,
    "code": null,
    "description": null,
    "url": null
}