{
    "acronym": "0d8e8041b95f28953b8906c28694cfc398990c7f",
    "title": "To Drop or Not to Drop? Predicting Argument Ellipsis Judgments: A Case Study in Japanese",
    "seed_ids": [
        "bert",
        "9cffc161896ce2b8d1a3083ab4f293bc166134ce",
        "5a2263092f49540fd0e049050a96882ff29b00c3",
        "92e121c6e114fe3cfb89370df03847c66a9b4e28"
    ],
    "s2id": "0d8e8041b95f28953b8906c28694cfc398990c7f",
    "abstract": "Speakers sometimes omit certain arguments of a predicate in a sentence; such omission is especially frequent in pro-drop languages. This study addresses a question about ellipsis\u2014what can explain the native speakers\u2019 ellipsis decisions?\u2014motivated by the interest in human discourse processing and writing assistance for this choice. To this end, we first collect large-scale human annotations of whether and why a particular argument should be omitted across over 2,000 data points in the balanced corpus of Japanese, a prototypical pro-drop language. The data indicate that native speakers overall share common criteria for such judgments and further clarify their quantitative characteristics, e.g., the distribution of related linguistic factors in the balanced corpus. Furthermore, the performance of the language model\u2013based argument ellipsis judgment model is examined, and the gap between the systems\u2019 prediction and human judgments in specific linguistic aspects is revealed. We hope our fundamental resource encourages further studies on natural human ellipsis judgment.",
    "authors": [
        "Yukiko Ishizuki",
        "Tatsuki Kuribayashi",
        "Yuichiroh Matsubayashi",
        "Ryohei Sasano",
        "Kentaro Inui"
    ],
    "venue": "International Conference on Language Resources and Evaluation",
    "year": 2024,
    "tldr": null,
    "citationCount": 0,
    "influentialCitationCount": 0,
    "code": null,
    "description": null,
    "url": null
}