{
    "acronym": "0dc9836b159c752c801f55d63f08ddfb9f5140e8",
    "title": "Distilling Diffusion Models into Conditional GANs",
    "seed_ids": [
        "classfreediffu",
        "bb857c72e7c75fc3d4b44b1dcaa66c62ea10a2e1",
        "1206b05eae5a06ba662ae79fb291b50e359c4f42",
        "a8e6a8480543efdfd5189a19c6c54a40d2cc6efe",
        "4de98f426c682717b752452d07132ddd6e2a032e",
        "498ac9b2e494601d20a3d0211c16acf2b7954a54",
        "2f4c451922e227cbbd4f090b74298445bbd900d0",
        "c57293882b2561e1ba03017902df9fc2f289dea2",
        "c10075b3746a9f3dd5811970e93c8ca3ad39b39d"
    ],
    "s2id": "0dc9836b159c752c801f55d63f08ddfb9f5140e8",
    "abstract": "We propose a method to distill a complex multistep diffusion model into a single-step conditional GAN student model, dramatically accelerating inference, while preserving image quality. Our approach interprets diffusion distillation as a paired image-to-image translation task, using noise-to-image pairs of the diffusion model's ODE trajectory. For efficient regression loss computation, we propose E-LatentLPIPS, a perceptual loss operating directly in diffusion model's latent space, utilizing an ensemble of augmentations. Furthermore, we adapt a diffusion model to construct a multi-scale discriminator with a text alignment loss to build an effective conditional GAN-based formulation. E-LatentLPIPS converges more efficiently than many existing distillation methods, even accounting for dataset construction costs. We demonstrate that our one-step generator outperforms cutting-edge one-step diffusion distillation models -- DMD, SDXL-Turbo, and SDXL-Lightning -- on the zero-shot COCO benchmark.",
    "authors": [
        "Minguk Kang",
        "Richard Zhang",
        "Connelly Barnes",
        "Sylvain Paris",
        "Suha Kwak",
        "Jaesik Park",
        "Eli Shechtman",
        "Jun-Yan Zhu",
        "Taesung Park"
    ],
    "venue": "arXiv.org",
    "year": 2024,
    "tldr": {
        "model": "tldr@v2.0.0",
        "text": "This work proposes E-LatentLPIPS, a perceptual loss operating directly in diffusion model's latent space, utilizing an ensemble of augmentations, and adapts a diffusion model to construct a multi-scale discriminator with a text alignment loss to build an effective conditional GAN-based formulation."
    },
    "citationCount": 1,
    "influentialCitationCount": 0,
    "code": null,
    "description": null,
    "url": null
}