{
    "acronym": "0deac2f395114e6215395811ac9ce10b37121f51",
    "title": "SAVGAN: Self-Attention Based Generation of Tumour on Chip Videos",
    "seed_ids": [
        "nystromformer",
        "6fa1cfc4f97f03a8485692418c7aa1a06c574a85",
        "c0b79e6a5fd88ef13aa4780df5aae0aaa6b2be87"
    ],
    "s2id": "0deac2f395114e6215395811ac9ce10b37121f51",
    "abstract": "Generation of videomicroscopy sequences will become increasingly important in order to train and evaluate dynamic image analysis methods. The latter are crucial to the study of biological dynamic processes such as tumour-immune cell interactions. However, current generative models developed in the context of natural image sequences employ either a single 3D (2D+time) convolutional neural network (CNN) based generator, which fails to capture long range interactions, or two separate (spatial and temporal) generators, which are unable to faithfully reproduce the morphology of moving objects. Here, we propose a self-attention based generative model for videomicroscopy sequences that aims to take into account for the full range of interactions within a spatio-temporal volume of 32 frames. To reduce the computational burden of such a strategy, we consider the Nystr\u00f6m approximation of the attention matrix. This approach leads to significant improvements in reproducing the structures and the proper motion of videomicroscopy sequences as assessed by a range of existing and proposed quantitative metrics.",
    "authors": [
        "Sandeep Manandhar",
        "I. Veith",
        "M. Parrini",
        "Auguste Genovesio"
    ],
    "venue": "IEEE International Symposium on Biomedical Imaging",
    "year": 2022,
    "tldr": {
        "model": "tldr@v2.0.0",
        "text": "This work proposes a self-attention based generative model for videomicroscopy sequences that aims to take into account for the full range of interactions within a spatio-temporal volume of 32 frames, and considers the Nystr\u00f6m approximation of the attention matrix."
    },
    "citationCount": 0,
    "influentialCitationCount": 0,
    "code": null,
    "description": null,
    "url": null
}