{
    "acronym": "0df23763481757052d90837a96f1fe2a4ef7a88d",
    "title": "OOTDiffusion: Outfitting Fusion based Latent Diffusion for Controllable Virtual Try-on",
    "seed_ids": [
        "transformer",
        "c10075b3746a9f3dd5811970e93c8ca3ad39b39d"
    ],
    "s2id": "0df23763481757052d90837a96f1fe2a4ef7a88d",
    "abstract": "We present OOTDiffusion, a novel network architecture for realistic and controllable image-based virtual try-on (VTON). We leverage the power of pretrained latent diffusion models, designing an outfitting UNet to learn the garment detail features. Without a redundant warping process, the garment features are precisely aligned with the target human body via the proposed outfitting fusion in the self-attention layers of the denoising UNet. In order to further enhance the controllability, we introduce outfitting dropout to the training process, which enables us to adjust the strength of the garment features through classifier-free guidance. Our comprehensive experiments on the VITON-HD and Dress Code datasets demonstrate that OOTDiffusion efficiently generates high-quality try-on results for arbitrary human and garment images, which outperforms other VTON methods in both realism and controllability, indicating an impressive breakthrough in virtual try-on. Our source code is available at https://github.com/levihsu/OOTDiffusion.",
    "authors": [
        "Yuhao Xu",
        "Tao Gu",
        "Weifeng Chen",
        "Chengcai Chen"
    ],
    "venue": "arXiv.org",
    "year": 2024,
    "tldr": {
        "model": "tldr@v2.0.0",
        "text": "OOTDiffusion efficiently generates high-quality try-on results for arbitrary human and garment images, which outperforms other VTON methods in both realism and controllability, indicating an impressive breakthrough in virtual try-on."
    },
    "citationCount": 13,
    "influentialCitationCount": 1,
    "code": null,
    "description": null,
    "url": null
}