{
    "acronym": "0e3d1457a66e442fae46c8f96886dc76aef3b085",
    "title": "Offsite-Tuning: Transfer Learning without Full Model",
    "seed_ids": [
        "gpt2",
        "964bd39b546f0f6625ff3b9ef1083f797807ef2e",
        "13a0d8bb38f739990c8cd65a44061c6534f17221",
        "d766bffc357127e0dc86dd69561d5aeb520d6f4c",
        "04f4e55e14150b7c48b0287ba77c7443df76ed45",
        "8b0f27bb594b1eaaf493eaf1e2ee723a2b0a19ad",
        "29ddc1f43f28af7c846515e32cc167bc66886d0c",
        "9405cc0d6169988371b2755e573cc28650d14dfe"
    ],
    "s2id": "0e3d1457a66e442fae46c8f96886dc76aef3b085",
    "abstract": "Transfer learning is important for foundation models to adapt to downstream tasks. However, many foundation models are proprietary, so users must share their data with model owners to fine-tune the models, which is costly and raise privacy concerns. Moreover, fine-tuning large foundation models is computation-intensive and impractical for most downstream users. In this paper, we propose Offsite-Tuning, a privacy-preserving and efficient transfer learning framework that can adapt billion-parameter foundation models to downstream data without access to the full model. In offsite-tuning, the model owner sends a light-weight adapter and a lossy compressed emulator to the data owner, who then fine-tunes the adapter on the downstream data with the emulator's assistance. The fine-tuned adapter is then returned to the model owner, who plugs it into the full model to create an adapted foundation model. Offsite-tuning preserves both parties' privacy and is computationally more efficient than the existing fine-tuning methods that require access to the full model weights. We demonstrate the effectiveness of offsite-tuning on various large language and vision foundation models. Offsite-tuning can achieve comparable accuracy as full model fine-tuning while being privacy-preserving and efficient, achieving 6.5x speedup and 5.6x memory reduction. Code is available at https://github.com/mit-han-lab/offsite-tuning.",
    "authors": [
        "Guangxuan Xiao",
        "Ji Lin",
        "Song Han"
    ],
    "venue": "arXiv.org",
    "year": 2023,
    "tldr": {
        "model": "tldr@v2.0.0",
        "text": "Offsite-tuning can achieve comparable accuracy as full model fine- Tuning while being privacy-preserving and efficient, achieving 6.5x speedup and 5.6x memory reduction."
    },
    "citationCount": 45,
    "influentialCitationCount": 6,
    "code": null,
    "description": null,
    "url": null
}