{
    "acronym": "0e3d6a7c9c04cf3ba9c902724548846a5ade04b4",
    "title": "Why Exposure Bias Matters: An Imitation Learning Perspective of Error Accumulation in Language Generation",
    "seed_ids": [
        "gpt2",
        "395de0bd3837fdf4b4b5e5f04835bcc69c279481",
        "9405cc0d6169988371b2755e573cc28650d14dfe"
    ],
    "s2id": "0e3d6a7c9c04cf3ba9c902724548846a5ade04b4",
    "abstract": "Current language generation models suffer from issues such as repetition, incoherence, and hallucinations. An often-repeated hypothesis for this brittleness of generation models is that it is caused by the training and the generation procedure mismatch, also referred to as exposure bias. In this paper, we verify this hypothesis by analyzing exposure bias from an imitation learning perspective. We show that exposure bias leads to an accumulation of errors during generation, analyze why perplexity fails to capture this accumulation of errors, and empirically show that this accumulation results in poor generation quality.",
    "authors": [
        "Kushal Arora",
        "Layla El Asri",
        "Hareesh Bahuleyan",
        "J. Cheung"
    ],
    "venue": "Findings",
    "year": 2022,
    "tldr": {
        "model": "tldr@v2.0.0",
        "text": "This paper shows that exposure bias leads to an accumulation of errors during generation, analyzes why perplexity fails to capture this accumulation, and empirically shows that this accumulation results in poor generation quality."
    },
    "citationCount": 45,
    "influentialCitationCount": 2,
    "code": null,
    "description": null,
    "url": null
}