{
    "acronym": "0e511a63fce114cb1568d228587caac175510200",
    "title": "Multimodal Human-Autonomous Agents Interaction Using Pre-Trained Language and Visual Foundation Models",
    "seed_ids": [
        "gpt2",
        "gpt3",
        "848139f931c39a59d59203eea73f941b5767f419",
        "2cd605106b88c85d7d8b865b1ef0f8c8293debf1",
        "9405cc0d6169988371b2755e573cc28650d14dfe"
    ],
    "s2id": "0e511a63fce114cb1568d228587caac175510200",
    "abstract": "In this paper, we extended the method proposed in [17] to enable humans to interact naturally with autonomous agents through vocal and textual conversations. Our extended method exploits the inherent capabilities of pre-trained large language models (LLMs), multimodal visual language models (VLMs), and speech recognition (SR) models to decode the high-level natural language conversations and semantic understanding of the robot's task environment, and abstract them to the robot's actionable commands or queries. We performed a quantitative evaluation of our framework's natural vocal conversation understanding with participants from different racial backgrounds and English language accents. The participants interacted with the robot using both spoken and textual instructional commands. Based on the logged interaction data, our framework achieved 87.55% vocal commands decoding accuracy, 86.27% commands execution success, and an average latency of 0.89 seconds from receiving the participants' vocal chat commands to initiating the robot's actual physical action. The video demonstrations of this paper can be found at https://linusnep.github.io/MTCC-IRoNL/.",
    "authors": [
        "Linus Nwankwo",
        "Elmar Rueckert"
    ],
    "venue": "arXiv.org",
    "year": 2024,
    "tldr": {
        "model": "tldr@v2.0.0",
        "text": "The extended method exploits the inherent capabilities of pre-trained large language models, multimodal visual language models, and speech recognition models to decode the high-level natural language conversations and semantic understanding of the robot's task environment, and abstract them to the robot's actionable commands or queries."
    },
    "citationCount": 0,
    "influentialCitationCount": 0,
    "code": null,
    "description": null,
    "url": null
}