{
    "acronym": "0e802c0739771acf70e60d59c2df51cd7e8c50c0",
    "title": "Memorizing Transformers",
    "seed_ids": [
        "transformerxl",
        "f75d05e759447c2aedb7097728f29f9a520d9bc1",
        "dbf53ece1a6a8860e41ff5f721c72ceb0fb18dd6",
        "5d032bd2632b6f5847767f39ce247098c6bbc563",
        "c1a4278f969acfc6682a924e31b95e1ade9703ee",
        "64a29bee2e1ad29547d590a3cc26274f4c537145",
        "6a3e13d7926a4aaa0ddcd3acc7c08e8d24c330e5",
        "46c585ee9abf76779ea4b863d2da4358efd0d1d3",
        "7e9ff94476f41041c75e253e84f487db00e9c861",
        "3fbf6339273c50b04e886fa9bd4ad18c952a683d",
        "7e5709d81558d3ef4265de29ea75931afeb1f2dd",
        "c0b79e6a5fd88ef13aa4780df5aae0aaa6b2be87",
        "d27669c82faf78ea08cceaa0a171b540cccc304d",
        "925ad2897d1b5decbea320d07e99afa9110e09b2",
        "657329c633709dd1ac34a30d57341b186b1a47c2",
        "f51497f463566581874c941353dd9d80069c5b77",
        "830995ef17cc291c13f42dfd9f462137de1d2179"
    ],
    "s2id": "0e802c0739771acf70e60d59c2df51cd7e8c50c0",
    "abstract": "Language models typically need to be trained or finetuned in order to acquire new knowledge, which involves updating their weights. We instead envision language models that can simply read and memorize new data at inference time, thus acquiring new knowledge immediately. In this work, we extend language models with the ability to memorize the internal representations of past inputs. We demonstrate that an approximate kNN lookup into a non-differentiable memory of recent (key, value) pairs improves language modeling across various benchmarks and tasks, including generic webtext (C4), math papers (arXiv), books (PG-19), code (Github), as well as formal theorems (Isabelle). We show that the performance steadily improves when we increase the size of memory up to 262K tokens. On benchmarks including code and mathematics, we find that the model is capable of making use of newly defined functions and theorems during test time.",
    "authors": [
        "Yuhuai Wu",
        "M. Rabe",
        "DeLesley S. Hutchins",
        "Christian Szegedy"
    ],
    "venue": "International Conference on Learning Representations",
    "year": 2022,
    "tldr": {
        "model": "tldr@v2.0.0",
        "text": "It is demonstrated that an approximate kNN lookup into a non-differentiable memory of recent (key, value) pairs improves language modeling across various benchmarks and tasks, including generic webtext, math papers, books, code, as well as formal theorems (Isabelle)."
    },
    "citationCount": 139,
    "influentialCitationCount": 15,
    "code": null,
    "description": null,
    "url": null
}