{
    "acronym": "0ecd6ec6c409ab397c3d11a735e96f0e7f0e5e10",
    "title": "MERMAID: A Dataset and Framework for Multimodal Meme Semantic Understanding",
    "seed_ids": [
        "bert",
        "85e7d63f75c0916bd350a229e040c5fbb1472e7a",
        "ec4eba83f6b3266d9ae7cabb2b2cb1518f727edc"
    ],
    "s2id": "0ecd6ec6c409ab397c3d11a735e96f0e7f0e5e10",
    "abstract": "Memes are widely used to convey cultural and societal issues and have a significant impact on public opinion. However, little work has been done on understanding and explaining the semantics expressed in multimodal memes. To fill this research gap, we introduce MERMAID, a dataset consisting of 3,633 memes annotated with their entities and relations, and propose a novel MERF pipeline that extracts entities and their relationships in memes. Our framework combines state-of-the-art techniques from natural language processing and computer vision to extract text and image features and infer relationships between entities in memes. We evaluate the proposed framework on a real-world meme dataset and establish the benchmark for the new multimodal meme semantic understanding task. Our evaluation also includes a low-resource setting, where we assess the applicability of our framework to low-resource settings, which is a common problem due to the high cost and lack of labeled data for relations in memes. Overall, our work contributes to the understanding of the semantics of memes, a crucial form of communication in today\u2019s society.",
    "authors": [
        "Shaun Toh",
        "Adriel Kuek",
        "Wen-Haw Chong",
        "Roy Ka-Wei Lee"
    ],
    "venue": "BigData Congress [Services Society]",
    "year": 2023,
    "tldr": {
        "model": "tldr@v2.0.0",
        "text": null
    },
    "citationCount": 0,
    "influentialCitationCount": 0,
    "code": null,
    "description": null,
    "url": null
}