{
    "acronym": "0eeedd5c5ad085b51dfaffa7386ba7cb539bbf4e",
    "title": "Exploiting the Social-Like Prior in Transformer for Visual Reasoning",
    "seed_ids": [
        "transformer"
    ],
    "s2id": "0eeedd5c5ad085b51dfaffa7386ba7cb539bbf4e",
    "abstract": "Benefiting from instrumental global dependency modeling of self-attention (SA), transformer-based approaches have become the pivotal choices for numerous downstream visual reasoning tasks, such as visual question answering (VQA) and referring expression comprehension (REC). However, some studies have recently suggested that SA tends to suffer from rank collapse thereby inevitably leads to representation degradation as the transformer layer goes deeper. Inspired by social network theory, we attempt to make an analogy between social behavior and regional information interaction in SA, and harness two crucial notions of structural hole and degree centrality in social network to explore the possible optimization towards SA learning, which naturally deduces two plug-and-play social-like modules. Based on structural hole, the former module allows to make information interaction in SA more structured, which effectively avoids redundant information aggregation and global feature homogenization for better rank remedy, followed by latter module to comprehensively characterize and refine the representation discrimination via considering degree centrality of regions and transitivity of relations. Without bells and whistles, our model outperforms a bunch of baselines by a noticeable margin when considering our social-like prior on five benchmarks in VQA and REC tasks, and a series of explanatory results are showcased to sufficiently reveal the social-like behaviors in SA.",
    "authors": [
        "Yudong Han",
        "Yupeng Hu",
        "Xuemeng Song",
        "Haoyu Tang",
        "Mingzhu Xu",
        "Liqiang Nie"
    ],
    "venue": "AAAI Conference on Artificial Intelligence",
    "year": 2024,
    "tldr": {
        "model": "tldr@v2.0.0",
        "text": "This work attempts to make an analogy between social behavior and regional information interaction in SA, and harness two crucial notions of structural hole and degree centrality in social network to explore the possible optimization towards SA learning, which naturally deduces two plug-and-play social-like modules."
    },
    "citationCount": 0,
    "influentialCitationCount": 0,
    "code": null,
    "description": null,
    "url": null
}