{
    "acronym": "0f39f9cc4ec15b3bd7d06c6f0fb315f9671cc2e2",
    "title": "Diffusion Model Patching via Mixture-of-Prompts",
    "seed_ids": [
        "classfreediffu",
        "fae76f91b776310727c0668faa0ddd0ce957877c",
        "1386b8a11929cf02da291c56aca353e33bbc22ed",
        "c10075b3746a9f3dd5811970e93c8ca3ad39b39d",
        "2cd605106b88c85d7d8b865b1ef0f8c8293debf1",
        "de18baa4964804cf471d85a5a090498242d2e79f",
        "d0086b86103a620a86bc918746df0aa642e2a8a3",
        "29ddc1f43f28af7c846515e32cc167bc66886d0c",
        "9405cc0d6169988371b2755e573cc28650d14dfe"
    ],
    "s2id": "0f39f9cc4ec15b3bd7d06c6f0fb315f9671cc2e2",
    "abstract": "We present Diffusion Model Patching (DMP), a simple method to boost the performance of pre-trained diffusion models that have already reached convergence, with a negligible increase in parameters. DMP inserts a small, learnable set of prompts into the model's input space while keeping the original model frozen. The effectiveness of DMP is not merely due to the addition of parameters but stems from its dynamic gating mechanism, which selects and combines a subset of learnable prompts at every step of the generative process (e.g., reverse denoising steps). This strategy, which we term\"mixture-of-prompts\", enables the model to draw on the distinct expertise of each prompt, essentially\"patching\"the model's functionality at every step with minimal yet specialized parameters. Uniquely, DMP enhances the model by further training on the same dataset on which it was originally trained, even in a scenario where significant improvements are typically not expected due to model convergence. Experiments show that DMP significantly enhances the converged FID of DiT-L/2 on FFHQ 256x256 by 10.38%, achieved with only a 1.43% parameter increase and 50K additional training iterations.",
    "authors": [
        "Seokil Ham",
        "Sangmin Woo",
        "Jin-Young Kim",
        "Hyojun Go",
        "Byeongjun Park",
        "Changick Kim"
    ],
    "venue": "arXiv.org",
    "year": 2024,
    "tldr": {
        "model": "tldr@v2.0.0",
        "text": "Diffusion Model Patching enhances the model by further training on the same dataset on which it was originally trained, even in a scenario where significant improvements are typically not expected due to model convergence."
    },
    "citationCount": 0,
    "influentialCitationCount": 0,
    "code": null,
    "description": null,
    "url": null
}