{
    "acronym": "0f3d7b2bb0b3bd3bad87a39c545d93ddfd383362",
    "title": "Selective Token Generation for Few-shot Natural Language Generation",
    "seed_ids": [
        "gpt2",
        "6c761cfdb031701072582e434d8f64d436255da6",
        "395de0bd3837fdf4b4b5e5f04835bcc69c279481",
        "e04a80263d252a3d8a382ba37a249b9345620570",
        "7a15950dc71079285a4eaf195de5aadd87c41b40",
        "d0086b86103a620a86bc918746df0aa642e2a8a3",
        "29ddc1f43f28af7c846515e32cc167bc66886d0c",
        "9405cc0d6169988371b2755e573cc28650d14dfe"
    ],
    "s2id": "0f3d7b2bb0b3bd3bad87a39c545d93ddfd383362",
    "abstract": "Natural language modeling with limited training data is a challenging problem, and many algorithms make use of large-scale pretrained language models (PLMs) for this due to its great generalization ability. Among them, additive learning that incorporates a task-specific adapter on top of the fixed large-scale PLM has been popularly used in the few-shot setting. However, this added adapter is still easy to disregard the knowledge of the PLM especially for few-shot natural language generation (NLG) since an entire sequence is usually generated by only the newly trained adapter. Therefore, in this work, we develop a novel additive learning algorithm based on reinforcement learning (RL) that selectively outputs language tokens between the task-general PLM and the task-specific adapter during both training and inference. This output token selection over the two generators allows the adapter to take into account solely the task-relevant parts in sequence generation, and therefore makes it more robust to overfitting as well as more stable in RL training. In addition, to obtain the complementary adapter from the PLM for each few-shot task, we exploit a separate selecting module that is also simultaneously trained using RL. Experimental results on various few-shot NLG tasks including question answering, data-to-text generation and text summarization demonstrate that the proposed selective token generation significantly outperforms the previous additive learning algorithms based on the PLMs.",
    "authors": [
        "DaeJin Jo",
        "Taehwan Kwon",
        "Eun-Sol Kim",
        "Sungwoong Kim"
    ],
    "venue": "International Conference on Computational Linguistics",
    "year": 2022,
    "tldr": {
        "model": "tldr@v2.0.0",
        "text": "Experimental results on various few-shot NLG tasks including question answering, data-to-text generation and text summarization demonstrate that the proposed selective token generation significantly outperforms the previous additive learning algorithms based on the PLMs."
    },
    "citationCount": 1,
    "influentialCitationCount": 0,
    "code": null,
    "description": null,
    "url": null
}