{
    "acronym": "0f6ba1ee40b4867269b82135a293bc630b3b20ec",
    "title": "Human Perception in Natural Language Generation",
    "seed_ids": [
        "gpt",
        "9405cc0d6169988371b2755e573cc28650d14dfe"
    ],
    "s2id": "0f6ba1ee40b4867269b82135a293bc630b3b20ec",
    "abstract": "We ask subjects whether they perceive as human-produced a bunch of texts, some of which are actually human-written, while others are automatically generated. We use this data to fine-tune a GPT-2 model to push it to generate more human-like texts, and observe that this fine-tuned model produces texts that are indeed perceived more human-like than the original model. Contextually, we show that our automatic evaluation strategy well correlates with human judgements. We also run a linguistic analysis to unveil the characteristics of human- vs machine-perceived language.",
    "authors": [
        "Lorenzo De Mattei",
        "Huiyuan Lai",
        "F. Dell\u2019Orletta",
        "M. Nissim"
    ],
    "venue": "IEEE Games Entertainment Media Conference",
    "year": 2021,
    "tldr": {
        "model": "tldr@v2.0.0",
        "text": "This work asks subjects whether they perceive as human-produced a bunch of texts, some of which are actually human-written, while others are automatically generated, and uses this data to fine-tune a GPT-2 model to push it to generate more human-like texts."
    },
    "citationCount": 3,
    "influentialCitationCount": 0,
    "code": null,
    "description": null,
    "url": null
}