{
    "acronym": "0f7201ea7ed6cf8c53653b243ed1347b0d877d69",
    "title": "Adversarial training and deep k-nearest neighbors improves adversarial defense of glaucoma severity detection",
    "seed_ids": [
        "gmlp"
    ],
    "s2id": "0f7201ea7ed6cf8c53653b243ed1347b0d877d69",
    "abstract": null,
    "authors": [
        "Lalu M. Riza Rizky",
        "S. Suyanto"
    ],
    "venue": "Heliyon",
    "year": 2022,
    "tldr": {
        "model": "tldr@v2.0.0",
        "text": "This work tries to improve the defense against adversarial attacks by combining AT and DkNN, and shows that given an optimum k, the combination of these two methods is able to improve most models' overall classification result on the perturbed retinal fundus image."
    },
    "citationCount": 1,
    "influentialCitationCount": 0,
    "code": null,
    "description": null,
    "url": null
}