{
    "acronym": "0f7308fbcae43d22813f70c334c2425df0b1cce1",
    "title": "Safe RLHF: Safe Reinforcement Learning from Human Feedback",
    "seed_ids": [
        "gpt3",
        "94ce1d5924e05e8d75e43ce70044293ddcef850a",
        "964bd39b546f0f6625ff3b9ef1083f797807ef2e",
        "f8d44802ac8190864c61c9aaf4a8b450261873ab",
        "d766bffc357127e0dc86dd69561d5aeb520d6f4c",
        "fd1b829261ba04bb92e0ab60c4f6e7cea0d99fbf",
        "76a786b1acd6d1aca56e12a8a1db34569fdf9f3a",
        "053b1d7b97eb2c91fc3921d589c160b0923c70b1"
    ],
    "s2id": "0f7308fbcae43d22813f70c334c2425df0b1cce1",
    "abstract": "With the development of large language models (LLMs), striking a balance between the performance and safety of AI systems has never been more critical. However, the inherent tension between the objectives of helpfulness and harmlessness presents a significant challenge during LLM training. To address this issue, we propose Safe Reinforcement Learning from Human Feedback (Safe RLHF), a novel algorithm for human value alignment. Safe RLHF explicitly decouples human preferences regarding helpfulness and harmlessness, effectively avoiding the crowdworkers' confusion about the tension and allowing us to train separate reward and cost models. We formalize the safety concern of LLMs as an optimization task of maximizing the reward function while satisfying specified cost constraints. Leveraging the Lagrangian method to solve this constrained problem, Safe RLHF dynamically adjusts the balance between the two objectives during fine-tuning. Through a three-round fine-tuning using Safe RLHF, we demonstrate a superior ability to mitigate harmful responses while enhancing model performance compared to existing value-aligned algorithms. Experimentally, we fine-tuned the Alpaca-7B using Safe RLHF and aligned it with collected human preferences, significantly improving its helpfulness and harmlessness according to human evaluations.",
    "authors": [
        "Josef Dai",
        "Xuehai Pan",
        "Ruiyang Sun",
        "Jiaming Ji",
        "Xinbo Xu",
        "Mickel Liu",
        "Yizhou Wang",
        "Yaodong Yang"
    ],
    "venue": "arXiv.org",
    "year": 2023,
    "tldr": {
        "model": "tldr@v2.0.0",
        "text": "This work formalizes the safety concern of LLMs as an optimization task of maximizing the reward function while satisfying specified cost constraints and proposes Safe Reinforcement Learning from Human Feedback (Safe RLHF), a novel algorithm for human value alignment."
    },
    "citationCount": 110,
    "influentialCitationCount": 24,
    "code": null,
    "description": null,
    "url": null
}