{
    "acronym": "0f7e41d784014fbce20586a9e6626da70e420a29",
    "title": "KEST: Kernel Distance Based Efficient Self-Training for Improving Controllable Text Generation",
    "seed_ids": [
        "gpt2",
        "473e55ded26b201b834ae73966474299528ec48d",
        "e04a80263d252a3d8a382ba37a249b9345620570",
        "75acc731bdd2b626edc74672a30da3bc51010ae8",
        "9405cc0d6169988371b2755e573cc28650d14dfe"
    ],
    "s2id": "0f7e41d784014fbce20586a9e6626da70e420a29",
    "abstract": "Self-training (ST) has come to fruition in language understanding tasks by producing pseudo labels, which reduces the labeling bottleneck of language model fine-tuning. Nevertheless, in facilitating semi-supervised controllable language generation, ST faces two key challenges. First, augmented by self-generated pseudo text, generation models tend to over-exploit the previously learned text distribution, suffering from mode collapse and poor generation diversity. Second, generating pseudo text in each iteration is time-consuming, severely decelerating the training process. In this work, we propose KEST, a novel and efficient self-training framework to handle these problems. KEST utilizes a kernel-based loss, rather than standard cross entropy, to learn from the soft pseudo text produced by a shared non-autoregressive generator. We demonstrate both theoretically and empirically that KEST can benefit from more diverse pseudo text in an efficient manner, which allows not only refining and exploiting the previously fitted distribution but also enhanced exploration towards a larger potential text space, providing a guarantee of improved performance. Experiments on three controllable generation tasks demonstrate that KEST significantly improves control accuracy while maintaining comparable text fluency and generation diversity against several strong baselines.",
    "authors": [
        "Yuxi Feng",
        "Xiaoyuan Yi",
        "L. Lakshmanan",
        "Xing Xie"
    ],
    "venue": "International Joint Conference on Artificial Intelligence",
    "year": 2023,
    "tldr": {
        "model": "tldr@v2.0.0",
        "text": "It is demonstrated both theoretically and empirically that KEST can benefit from more diverse pseudo text in an efficient manner, which allows not only refining and exploiting the previously fitted distribution but also enhanced exploration towards a larger potential text space, providing a guarantee of improved performance."
    },
    "citationCount": 1,
    "influentialCitationCount": 0,
    "code": null,
    "description": null,
    "url": null
}