{
    "acronym": "0f86d5ae106a53f40f89b60dff24074f6c2cd127",
    "title": "The Case for a Single Model that can Both Generate Continuations and Fill in the Blank",
    "seed_ids": [
        "gpt2",
        "fd1b829261ba04bb92e0ab60c4f6e7cea0d99fbf",
        "9405cc0d6169988371b2755e573cc28650d14dfe"
    ],
    "s2id": "0f86d5ae106a53f40f89b60dff24074f6c2cd127",
    "abstract": "The task of inserting text into a specified position in a passage, known as fill in the blank (FitB), is useful for a variety of applications where writers interact with a natural language generation (NLG) system to craft text. While previous work has tackled this problem with models trained specifically to do the fill-in-the-blank task, a more useful model is one that can effectively perform _both_ FitB and continuation. In this work, we evaluate the feasibility of using a single model to do both tasks. We show that models pre-trained with a FitB-style objective are capable of both tasks, while models pre-trained for continuation are not. Finally, we show how FitB models can be easily finetuned to allow for fine-grained control over the length and word choice of the generation.",
    "authors": [
        "Daphne Ippolito",
        "Liam Dugan",
        "Emily Reif",
        "Ann Yuan",
        "Andy Coenen",
        "Chris Callison-Burch"
    ],
    "venue": "NAACL-HLT",
    "year": 2022,
    "tldr": {
        "model": "tldr@v2.0.0",
        "text": "This work evaluates the feasibility of using a single model to do both FitB and continuation, and shows how FitB models can be easily finetuned to allow for fine-grained control over the length and word choice of the generation."
    },
    "citationCount": 1,
    "influentialCitationCount": 0,
    "code": null,
    "description": null,
    "url": null
}