{
    "acronym": "0fba788bfd01a62c0d4ebd6af8b6d377e2e47b9b",
    "title": "An Efficient Training Framework for Reversible Neural Architectures",
    "seed_ids": [
        "reformer",
        "0b5d7a79205b44952e24025ce5d46e9f3aa401a1"
    ],
    "s2id": "0fba788bfd01a62c0d4ebd6af8b6d377e2e47b9b",
    "abstract": null,
    "authors": [
        "Zixuan Jiang",
        "Keren Zhu",
        "Mingjie Liu",
        "Jiaqi Gu",
        "D. Pan"
    ],
    "venue": "European Conference on Computer Vision",
    "year": 2020,
    "tldr": {
        "model": "tldr@v2.0.0",
        "text": null
    },
    "citationCount": 0,
    "influentialCitationCount": 0,
    "code": null,
    "description": null,
    "url": null
}