{
    "acronym": "0fde3ae88a329d859f89506d0cb213d460a28069",
    "title": "Unbounded Capacity Associative Memory for Real-valued Pattern Storage and Recall",
    "seed_ids": [
        "hopfield"
    ],
    "s2id": "0fde3ae88a329d859f89506d0cb213d460a28069",
    "abstract": "We describe an unbounded capacity Associative Memory which effectively stores and retrieves unrestricted real-valued data/patterns with fidelity. This Associative Memory arises from a gradient system of a (differentiable scalar) energy function, and thus can directly be incorporated within existing layers of computational Deep Learning (DL) frameworks. The design effort also describes two options for key pattern retrieval.",
    "authors": [
        "F. Salem"
    ],
    "venue": "Midwest Symposium on Circuits and Systems",
    "year": 2021,
    "tldr": {
        "model": "tldr@v2.0.0",
        "text": "An unbounded capacity Associative Memory which effectively stores and retrieves unrestricted real-valued data/patterns with fidelity is described which can directly be incorporated within existing layers of computational Deep Learning frameworks."
    },
    "citationCount": 1,
    "influentialCitationCount": 0,
    "code": null,
    "description": null,
    "url": null
}