{
    "acronym": "0ff05c98be6015695871bd8216c35e572a9d2d95",
    "title": "Effects of Similarity Score Functions in Attention Mechanisms on the Performance of Neural Question Answering Systems",
    "seed_ids": [
        "gpt2",
        "2cd605106b88c85d7d8b865b1ef0f8c8293debf1",
        "9405cc0d6169988371b2755e573cc28650d14dfe"
    ],
    "s2id": "0ff05c98be6015695871bd8216c35e572a9d2d95",
    "abstract": null,
    "authors": [
        "Y. Shen",
        "E. Lai",
        "Mahsa Mohaghegh"
    ],
    "venue": "Neural Processing Letters",
    "year": 2022,
    "tldr": {
        "model": "tldr@v2.0.0",
        "text": "A baseline model is proposed that captures the common components of recurrent neural network-based Question Answering (QA) systems found in the literature and isolating the attention function allows us to study the effects of different similarity score functions on the performance of such systems."
    },
    "citationCount": 6,
    "influentialCitationCount": 0,
    "code": null,
    "description": null,
    "url": null
}