{
    "acronym": "1022414cdd267f67f3f578299675c1812dcac49a",
    "title": "SciCo: Hierarchical Cross-Document Coreference for Scientific Concepts",
    "seed_ids": [
        "longformer",
        "6aaec722a90eee0185d4bbfebbcd4f228ed1577f",
        "925ad2897d1b5decbea320d07e99afa9110e09b2"
    ],
    "s2id": "1022414cdd267f67f3f578299675c1812dcac49a",
    "abstract": "Determining coreference of concept mentions across multiple documents is a fundamental task in natural language understanding. Previous work on cross-document coreference resolution (CDCR) typically considers mentions of events in the news, which seldom involve abstract technical concepts that are prevalent in science and technology. These complex concepts take diverse or ambiguous forms and have many hierarchical levels of granularity (e.g., tasks and subtasks), posing challenges for CDCR. We present a new task of Hierarchical CDCR (H-CDCR) with the goal of jointly inferring coreference clusters and hierarchy between them. We create SciCo, an expert-annotated dataset for H-CDCR in scientific papers, 3X larger than the prominent ECB+ resource. We study strong baseline models that we customize for H-CDCR, and highlight challenges for future work.",
    "authors": [
        "Arie Cattan",
        "Sophie Johnson",
        "Daniel S. Weld",
        "Ido Dagan",
        "Iz Beltagy",
        "Doug Downey",
        "Tom Hope"
    ],
    "venue": "Conference on Automated Knowledge Base Construction",
    "year": 2021,
    "tldr": {
        "model": "tldr@v2.0.0",
        "text": "SciCo, an expert-annotated dataset for H-CDCR in scientific papers, is created, 3X larger than the prominent ECB+ resource, and is studied to study strong baseline models that are customize for H -CDCR, and highlight challenges for future work."
    },
    "citationCount": 17,
    "influentialCitationCount": 2,
    "code": null,
    "description": null,
    "url": null
}