{
    "acronym": "102ebe229df18c8733ea1b8def56cd79996e2178",
    "title": "A Survey of Human-in-the-loop for Machine Learning",
    "seed_ids": [
        "gpt",
        "3a906b77fa218adc171fecb28bb81c24c14dcc7b",
        "7e5709d81558d3ef4265de29ea75931afeb1f2dd",
        "053b1d7b97eb2c91fc3921d589c160b0923c70b1",
        "3bcb17559ce96eb20fa79af8194f4af0380d194a",
        "f9b91c369f4cae2486c23cd052ad7495a5ad2983",
        "7a15950dc71079285a4eaf195de5aadd87c41b40"
    ],
    "s2id": "102ebe229df18c8733ea1b8def56cd79996e2178",
    "abstract": null,
    "authors": [
        "Xingjiao Wu",
        "Luwei Xiao",
        "Yixuan Sun",
        "Junhang Zhang",
        "Tianlong Ma",
        "Liangbo He"
    ],
    "venue": "Future generations computer systems",
    "year": 2021,
    "tldr": {
        "model": "tldr@v2.0.0",
        "text": "This paper surveys existing works on human-in-the-loop from a data perspective and classify them into three categories with a progressive relationship: the work of improving model performance from data processing, the work through interventional model training, and the design of the system independent human- in- the-loop."
    },
    "citationCount": 330,
    "influentialCitationCount": 7,
    "code": null,
    "description": null,
    "url": null
}