{
    "acronym": "104bcabfc064b1ed7c00f4c7b147db752cd6110a",
    "title": "A Zero-Shot Classification Approach for a Word-Guessing Challenge",
    "seed_ids": [
        "gpt2",
        "9405cc0d6169988371b2755e573cc28650d14dfe"
    ],
    "s2id": "104bcabfc064b1ed7c00f4c7b147db752cd6110a",
    "abstract": ": The Taboo Challenge competition, a task based on the well-known Taboo game, has been proposed to stimulate research in the AI \ufb01eld. The challenge requires building systems able to comprehend the implied inferences between the exchanged messages of guesser and describer agents. A describer sends pre-determined hints to guessers indirectly describing cities, and guessers are required to return the matching cities implied by the hints. Climbing up the scoring ledger requires the resolving of the highest amount of cities with the smallest amount of hints in a speci\ufb01ed time frame. Here, we present TabooLM, a language-model approach that tackles the challenge based on a zero-shot setting. We start by presenting and comparing the results of this approach with three studies from the literature. The results show that our method achieves SOTA results on the Taboo challenge, suggesting that TabooLM can guess the implied cities faster and more accurately than existing approaches.",
    "authors": [
        "Nicos Isaak"
    ],
    "venue": "arXiv.org",
    "year": 2022,
    "tldr": {
        "model": "tldr@v2.0.0",
        "text": "The results show that the method achieves SOTA results on the Taboo challenge, suggesting that TabooLM can guess the implied cities faster and more accurately than existing approaches."
    },
    "citationCount": 1,
    "influentialCitationCount": 0,
    "code": null,
    "description": null,
    "url": null
}