{
    "acronym": "106dd62b0538bf8c0fb9c0dafcecaec9c561470c",
    "title": "Human Versus Machine Intelligence: Assessing Natural Language Generation Models Through Complex Systems Theory",
    "seed_ids": [
        "gpt2",
        "9405cc0d6169988371b2755e573cc28650d14dfe"
    ],
    "s2id": "106dd62b0538bf8c0fb9c0dafcecaec9c561470c",
    "abstract": "The introduction of Transformer architectures \u2013 with the self-attention mechanism \u2013 in automatic Natural Language Generation (NLG) is a breakthrough in solving general task-oriented problems, such as the simple production of long text excerpts that resemble ones written by humans. While the performance of GPT-X architectures is there for all to see, many efforts are underway to penetrate the secrets of these black-boxes in terms of intelligent information processing whose output statistical distributions resemble that of natural language. In this work, through the complexity science framework, a comparative study of the stochastic processes underlying the texts produced by the English version of GPT-2 with respect to texts produced by human beings, notably novels in English and programming codes, is offered. The investigation, of a methodological nature, consists first of all of an analysis phase in which the Multifractal Detrended Fluctuation Analysis and the Recurrence Quantification Analysis \u2013 together with Zipf's law and approximate entropy \u2013 are adopted to characterize long-term correlations, regularities and recurrences in human and machine-produced texts. Results show several peculiarities and trends in terms of long-range correlations and recurrences in the last case. The synthesis phase, on the other hand, uses the complexity measures to build synthetic text descriptors \u2013 hence a suitable text embedding \u2013 which serve to constitute the features for feeding a machine learning system designed to operate feature selection through an evolutionary technique. Using multivariate analysis, it is then shown the grouping tendency of the three analyzed text types, allowing to place GTP-2 texts in between natural language texts and computer codes. Similarly, the classification task demonstrates that, given the high accuracy obtained in the automatic discrimination of text classes, the proposed set of complexity measures is highly informative. These interesting results allow us to add another piece to the theoretical understanding of the surprising results obtained by NLG systems based on deep learning and let us to improve the design of new informetrics or text mining systems for text classification, fake news detection, or even plagiarism detection.",
    "authors": [
        "Enrico De Santis",
        "A. Martino",
        "A. Rizzi"
    ],
    "venue": "IEEE Transactions on Pattern Analysis and Machine Intelligence",
    "year": 2024,
    "tldr": {
        "model": "tldr@v2.0.0",
        "text": "A comparative study of the stochastic processes underlying the texts produced by the English version of GPT-2 with respect to texts produced by human beings, notably novels in English and programming codes is offered."
    },
    "citationCount": 0,
    "influentialCitationCount": 0,
    "code": null,
    "description": null,
    "url": null
}