{
    "acronym": "10df4fec0166008765940662d5e8adedb7921930",
    "title": "A distributed learning based sentiment analysis methods with Web applications",
    "seed_ids": [
        "gpt"
    ],
    "s2id": "10df4fec0166008765940662d5e8adedb7921930",
    "abstract": null,
    "authors": [
        "Guanghao Xiong",
        "Ke Yan",
        "Xiaokang Zhou"
    ],
    "venue": "World wide web (Bussum)",
    "year": 2022,
    "tldr": {
        "model": "tldr@v2.0.0",
        "text": "A model based on the federated learning framework (Fed_BERT_MSCNN), which contains a Bidirectional Encoder Represent-ations from Transformers (BERT) module and a multi-scale convolution layer, which performs better than the state-of-the-art models in terms of accuracy, F1-score, and computational efficiency."
    },
    "citationCount": 9,
    "influentialCitationCount": 0,
    "code": null,
    "description": null,
    "url": null
}