{
    "acronym": "10eabe1578e74b4fb33e53269177d78a6a02aa06",
    "title": "Towards Multi-Modal Sarcasm Detection via Hierarchical Congruity Modeling with Knowledge Enhancement",
    "seed_ids": [
        "gpt2",
        "9405cc0d6169988371b2755e573cc28650d14dfe"
    ],
    "s2id": "10eabe1578e74b4fb33e53269177d78a6a02aa06",
    "abstract": "Sarcasm is a linguistic phenomenon indicating a discrepancy between literal meanings and implied intentions. Due to its sophisticated nature, it is usually difficult to be detected from the text itself. As a result, multi-modal sarcasm detection has received more and more attention in both academia and industries. However, most existing techniques only modeled the atomic-level inconsistencies between the text input and its accompanying image, ignoring more complex compositions for both modalities. Moreover, they neglected the rich information contained in external knowledge, e.g., image captions. In this paper, we propose a novel hierarchical framework for sarcasm detection by exploring both the atomic-level congruity based on multi-head cross attentions and the composition-level congruity based on graph neural networks, where a post with low congruity can be identified as sarcasm. In addition, we exploit the effect of various knowledge resources for sarcasm detection. Evaluation results on a public multi-modal sarcasm detection dataset based on Twitter demonstrate the superiority of our proposed model.",
    "authors": [
        "Hui Liu",
        "Wenya Wang",
        "Hao Li"
    ],
    "venue": "Conference on Empirical Methods in Natural Language Processing",
    "year": 2022,
    "tldr": {
        "model": "tldr@v2.0.0",
        "text": "This paper proposes a novel hierarchical framework for sarcasm detection by exploring both the atomic- level congruity based on multi-head cross attentions and the composition-level congruities based on graph neural networks, where a post with low congruITY can be identified as sarcasm."
    },
    "citationCount": 29,
    "influentialCitationCount": 8,
    "code": null,
    "description": null,
    "url": null
}