{
    "acronym": "1102088716730adc1dea06cfa1741f91bb6fa0e9",
    "title": "Recurrent Context Compression: Efficiently Expanding the Context Window of LLM",
    "seed_ids": [
        "mamba",
        "3fd5bc3077d04965eaa3498372c39bbdd09d55e4",
        "c43e75cbbf06a51a128ed41e5558db19f4ebbb45",
        "02ad9f3fefe33cb9ca546591bec65dbdf7766c80",
        "b31a5884a8ebe96b6300839b28608b97f8f8ef76",
        "b069c32fcd77160f944ab3ba71ab6f0cfb782c68",
        "f5afaccfe90268485a9961c5771ec5e71e9b806c",
        "2f7364d8e5cf94315bf8905f57de9c5543e9a4bf",
        "026b3396a63ed5772329708b7580d633bb86bec9",
        "be55e8ec4213868db08f2c3168ae666001bea4b8",
        "925ad2897d1b5decbea320d07e99afa9110e09b2",
        "f51497f463566581874c941353dd9d80069c5b77"
    ],
    "s2id": "1102088716730adc1dea06cfa1741f91bb6fa0e9",
    "abstract": "To extend the context length of Transformer-based large language models (LLMs) and improve comprehension capabilities, we often face limitations due to computational resources and bounded memory storage capacity. This work introduces a method called Recurrent Context Compression (RCC), designed to efficiently expand the context window length of LLMs within constrained storage space. We also investigate the issue of poor model responses when both instructions and context are compressed in downstream tasks, and propose an instruction reconstruction method to mitigate this problem. We validated the effectiveness of our approach on multiple tasks, achieving a compression rate of up to 32x on text reconstruction tasks with a BLEU4 score close to 0.95, and nearly 100\\% accuracy on a passkey retrieval task with a sequence length of 1M. Finally, our method demonstrated competitive performance in long-text question-answering tasks compared to non-compressed methods, while significantly saving storage resources in long-text inference tasks. Our code, models, and demo are available at https://github.com/WUHU-G/RCC_Transformer",
    "authors": [
        "Chensen Huang",
        "Guibo Zhu",
        "Xuepeng Wang",
        "Yifei Luo",
        "Guojing Ge",
        "Haoran Chen",
        "Dong Yi",
        "Jinqiao Wang"
    ],
    "venue": "arXiv.org",
    "year": 2024,
    "tldr": {
        "model": "tldr@v2.0.0",
        "text": "This work introduces a method called Recurrent Context Compression (RCC), designed to efficiently expand the context window length of LLMs within constrained storage space, and investigates the issue of poor model responses when both instructions and context are compressed in downstream tasks."
    },
    "citationCount": 0,
    "influentialCitationCount": 0,
    "code": null,
    "description": null,
    "url": null
}