{
    "acronym": "115f8fd513c38214ea15ceb49add5b970831cd7e",
    "title": "SGDiff: A Style Guided Diffusion Model for Fashion Synthesis",
    "seed_ids": [
        "classfreediffu",
        "c10075b3746a9f3dd5811970e93c8ca3ad39b39d",
        "2cd605106b88c85d7d8b865b1ef0f8c8293debf1",
        "de18baa4964804cf471d85a5a090498242d2e79f"
    ],
    "s2id": "115f8fd513c38214ea15ceb49add5b970831cd7e",
    "abstract": "This paper reports on the development of a novel style guided diffusion model (SGDiff) which overcomes certain weaknesses inherent in existing models for image synthesis. The proposed SGDiff combines image modality with a pretrained text-to-image diffusion model to facilitate creative fashion image synthesis. It addresses the limitations of text-to-image diffusion models by incorporating supplementary style guidance, substantially reducing training costs, and overcoming the difficulties of controlling synthesized styles with text-only inputs. This paper also introduces a new dataset -- SG-Fashion, specifically designed for fashion image synthesis applications, offering high-resolution images and an extensive range of garment categories. By means of comprehensive ablation study, we examine the application of classifier-free guidance to a variety of conditions and validate the effectiveness of the proposed model for generating fashion images of the desired categories, product attributes, and styles. The contributions of this paper include a novel classifier-free guidance method for multi-modal feature fusion, a comprehensive dataset for fashion image synthesis application, a thorough investigation on conditioned text-to-image synthesis, and valuable insights for future research in the text-to-image synthesis domain. The code and dataset are available at: https://github.com/taited/SGDiff.",
    "authors": [
        "Zheng Sun",
        "Yanghong Zhou",
        "Honghong He",
        "P. Y. Mok"
    ],
    "venue": "ACM Multimedia",
    "year": 2023,
    "tldr": {
        "model": "tldr@v2.0.0",
        "text": "This paper reports on the development of a novel style guided diffusion model (SGDiff) which overcomes certain weaknesses inherent in existing models for image synthesis, and introduces a new dataset -- SG-Fashion, specifically designed for fashion image synthesis applications, offering high-resolution images and an extensive range of garment categories."
    },
    "citationCount": 10,
    "influentialCitationCount": 0,
    "code": null,
    "description": null,
    "url": null
}