{
    "acronym": "11628f656257e75e46447ac21cdaa86c4b340a0a",
    "title": "Where to Go Next for Recommender Systems? ID- vs. Modality-based Recommender Models Revisited",
    "seed_ids": [
        "gpt",
        "13a0d8bb38f739990c8cd65a44061c6534f17221",
        "6351ebb4a3287f5f3e1273464b3b91e5df5a16d7",
        "bc022dbb37b1bbf3905a7404d19c03ccbf6b81a8",
        "a022bda79947d1f656a1164003c1b3ae9a843df9",
        "690edf44e8739fd80bdfb76f40c9a4a222f3bba8",
        "c8b25fab5608c3e033d34b4483ec47e68ba109b7"
    ],
    "s2id": "11628f656257e75e46447ac21cdaa86c4b340a0a",
    "abstract": "Recommendation models that utilize unique identities (IDs for short) to represent distinct users and items have been state-of-the-art (SOTA) and dominated the recommender systems (RS) literature for over a decade. Meanwhile, the pre-trained modality encoders, such as BERT [9] and Vision Transformer [11], have become increasingly powerful in modeling the raw modality features of an item, such as text and images. Given this, a natural question arises: can a purely modality-based recommendation model (MoRec) outperforms or matches a pure ID-based model (IDRec) by replacing the itemID embedding with a SOTA modality encoder? In fact, this question was answered ten years ago when IDRec beats MoRec by a strong margin in both recommendation accuracy and efficiency. We aim to revisit this 'old' question and systematically study MoRec from several aspects. Specifically, we study several sub-questions: (i) which recommendation paradigm, MoRec or IDRec, performs better in practical scenarios, especially in the general setting and warm item scenarios where IDRec has a strong advantage? does this hold for items with different modality features? (ii) can the latest technical advances from other communities (i.e., natural language processing and computer vision) translate into accuracy improvement for MoRec? (iii) how to effectively utilize item modality representation, can we use it directly or do we have to adjust it with new data? (iv) are there any key challenges that MoRec needs to address in practical applications? To answer them, we conduct rigorous experiments for item recommendations with two popular modalities, i.e., text and vision. We provide the first empirical evidence that MoRec is already comparable to its IDRec counterpart with an expensive end-to-end training method, even for warm item recommendation. Our results potentially imply that the dominance of IDRec in the RS field may be greatly challenged in the future. We release our code and other materials at https://github.com/westlake-repl/IDvs.MoRec.",
    "authors": [
        "Zheng Yuan",
        "Fajie Yuan",
        "Yu Song",
        "Youhua Li",
        "Junchen Fu",
        "Fei Yang",
        "Yunzhu Pan",
        "Yongxin Ni"
    ],
    "venue": "Annual International ACM SIGIR Conference on Research and Development in Information Retrieval",
    "year": 2023,
    "tldr": {
        "model": "tldr@v2.0.0",
        "text": "The first empirical evidence that MoRec is already comparable to its IDRec counterpart with an expensive end-to-end training method, even for warm item recommendation is provided."
    },
    "citationCount": 91,
    "influentialCitationCount": 11,
    "code": null,
    "description": null,
    "url": null
}