{
    "acronym": "117cc02f17006a5af78e0a2b5d58092bf3071a95",
    "title": "Exploring the Effect of Frequency Resolution in FNet",
    "seed_ids": [
        "fnet",
        "1f133158a8973fb33fea188f20517cd7e69bfe7f",
        "7e9ff94476f41041c75e253e84f487db00e9c861"
    ],
    "s2id": "117cc02f17006a5af78e0a2b5d58092bf3071a95",
    "abstract": ",",
    "authors": [
        "Gregory Szumel",
        "Ghazal Khalighinejad",
        "Rickard Stureborg",
        "Sam Wiseman"
    ],
    "venue": "SUSTAINLP",
    "year": 2023,
    "tldr": {
        "model": "tldr@v2.0.0",
        "text": null
    },
    "citationCount": 0,
    "influentialCitationCount": 0,
    "code": null,
    "description": null,
    "url": null
}