{
    "acronym": "1196cd4aa938a34105755feb47ce1610b58ea5de",
    "title": "BindGPT: A Scalable Framework for 3D Molecular Design via Language Modeling and Reinforcement Learning",
    "seed_ids": [
        "bert",
        "flashattn",
        "2db3eb03b0a9fedde37066673532804d3e224a4a",
        "87c5b281fa43e6f27191b20a8dd694eda1126336",
        "66c10bf1f11bc1b2d92204d8f8391d087f6de1c4",
        "6f68e1bb253925d8431588555d3010419f322e04",
        "395de0bd3837fdf4b4b5e5f04835bcc69c279481",
        "9405cc0d6169988371b2755e573cc28650d14dfe"
    ],
    "s2id": "1196cd4aa938a34105755feb47ce1610b58ea5de",
    "abstract": "Generating novel active molecules for a given protein is an extremely challenging task for generative models that requires an understanding of the complex physical interactions between the molecule and its environment. In this paper, we present a novel generative model, BindGPT which uses a conceptually simple but powerful approach to create 3D molecules within the protein's binding site. Our model produces molecular graphs and conformations jointly, eliminating the need for an extra graph reconstruction step. We pretrain BindGPT on a large-scale dataset and fine-tune it with reinforcement learning using scores from external simulation software. We demonstrate how a single pretrained language model can serve at the same time as a 3D molecular generative model, conformer generator conditioned on the molecular graph, and a pocket-conditioned 3D molecule generator. Notably, the model does not make any representational equivariance assumptions about the domain of generation. We show how such simple conceptual approach combined with pretraining and scaling can perform on par or better than the current best specialized diffusion models, language models, and graph neural networks while being two orders of magnitude cheaper to sample.",
    "authors": [
        "Artem Zholus",
        "Maksim Kuznetsov",
        "Roman Schutski",
        "Shayakhmetov Rim",
        "Daniil Polykovskiy",
        "Sarath Chandar",
        "Alex Zhavoronkov"
    ],
    "venue": "arXiv.org",
    "year": 2024,
    "tldr": {
        "model": "tldr@v2.0.0",
        "text": "This paper presents a novel generative model, BindGPT, which uses a conceptually simple but powerful approach to create 3D molecules within the protein's binding site, and shows how it can perform on par or better than the current best specialized diffusion models, language models, and graph neural networks while being two orders of magnitude cheaper to sample."
    },
    "citationCount": 0,
    "influentialCitationCount": 0,
    "code": null,
    "description": null,
    "url": null
}