{
    "acronym": "11971963b2a60f39ae8c07a0e31f6c992d4c7e36",
    "title": "Conflicts, Villains, Resolutions: Towards models of Narrative Media Framing",
    "seed_ids": [
        "longformer",
        "05fe77337bb43d4efd2c042c9bd5f044bb6e2271",
        "6d23532a1e9a8116041fd5aac6b0ef8ddd6d8171",
        "925ad2897d1b5decbea320d07e99afa9110e09b2"
    ],
    "s2id": "11971963b2a60f39ae8c07a0e31f6c992d4c7e36",
    "abstract": "Despite increasing interest in the automatic detection of media frames in NLP, the problem is typically simplified as single-label classification and adopts a topic-like view on frames, evading modelling the broader document-level narrative. In this work, we revisit a widely used conceptualization of framing from the communication sciences which explicitly captures elements of narratives, including conflict and its resolution, and integrate it with the narrative framing of key entities in the story as heroes, victims or villains. We adapt an effective annotation paradigm that breaks a complex annotation task into a series of simpler binary questions, and present an annotated data set of English news articles, and a case study on the framing of climate change in articles from news outlets across the political spectrum. Finally, we explore automatic multi-label prediction of our frames with supervised and semi-supervised approaches, and present a novel retrieval-based method which is both effective and transparent in its predictions. We conclude with a discussion of opportunities and challenges for future work on document-level models of narrative framing.",
    "authors": [
        "Lea Frermann",
        "Jiatong Li",
        "Shima Khanehzar",
        "Gosia Miko\u0142ajczak"
    ],
    "venue": "Annual Meeting of the Association for Computational Linguistics",
    "year": 2023,
    "tldr": {
        "model": "tldr@v2.0.0",
        "text": "This work revisits a widely used conceptualization of framing from the communication sciences which explicitly captures elements of narratives, including conflict and its resolution, and integrate it with the narrative framing of key entities in the story as heroes, victims or villains."
    },
    "citationCount": 4,
    "influentialCitationCount": 0,
    "code": null,
    "description": null,
    "url": null
}