{
    "acronym": "11ed7f038bd7efd1491f3957959e1e30bc120c38",
    "title": "CAiRE: An Empathetic Neural Chatbot.",
    "seed_ids": [
        "gpt",
        "e0c6abdbdecf04ffac65c440da77fb9d66bb474c",
        "9405cc0d6169988371b2755e573cc28650d14dfe"
    ],
    "s2id": "11ed7f038bd7efd1491f3957959e1e30bc120c38",
    "abstract": "In this paper, we present an end-to-end empathetic conversation agent CAiRE. Our system adapts TransferTransfo (Wolf et al., 2019) learning approach that fine-tunes a large-scale pre-trained language model with multi-task objectives: response language modeling, response prediction and dialogue emotion detection. We evaluate our model on the recently proposed empathetic-dialogues dataset (Rashkin et al., 2019), the experiment results show that CAiRE achieves state-of-the-art performance on dialogue emotion detection and empathetic response generation.",
    "authors": [
        "Zhaojiang Lin",
        "Peng Xu",
        "Genta Indra Winata",
        "Farhad Bin Siddique",
        "Zihan Liu",
        "Jamin Shin",
        "Pascale Fung"
    ],
    "venue": "",
    "year": 2019,
    "tldr": {
        "model": "tldr@v2.0.0",
        "text": "This system adapts TransferTransfo (Wolf et al., 2019) learning approach that fine-tunes a large-scale pre-trained language model with multi-task objectives: response language modeling, response prediction and dialogue emotion detection."
    },
    "citationCount": 23,
    "influentialCitationCount": 1,
    "code": null,
    "description": null,
    "url": null
}