{
    "acronym": "1203ec3ae14cd4f3d8f216bcb8bf4de9a0e6649d",
    "title": "Multi-Task Learning for Features Extraction in Financial Annual Reports",
    "seed_ids": [
        "bert",
        "09bfe057c9285577242636950c6835b8731a07fb",
        "b47381e04739ea3f392ba6c8faaf64105493c196"
    ],
    "s2id": "1203ec3ae14cd4f3d8f216bcb8bf4de9a0e6649d",
    "abstract": "For assessing various performance indicators of companies, the focus is shifting from strictly financial (quantitative) publicly disclosed information to qualitative (textual) information. This textual data can provide valuable weak signals, for example through stylistic features, which can complement the quantitative data on financial performance or on Environmental, Social and Governance (ESG) criteria. In this work, we use various multi-task learning methods for financial text classification with the focus on financial sentiment, objectivity, forward-looking sentence prediction and ESG-content detection. We propose different methods to combine the information extracted from training jointly on different tasks; our best-performing method highlights the positive effect of explicitly adding auxiliary task predictions as features for the final target task during the multi-task training. Next, we use these classifiers to extract textual features from annual reports of FTSE350 companies and investigate the link between ESG quantitative scores and these features.",
    "authors": [
        "Syrielle Montariol",
        "Matej Martinc",
        "Andraz Pelicon",
        "S. Pollak",
        "Boshko Koloski",
        "Igor Loncarski",
        "Aljo\u0161a Valentin\u010di\u010d"
    ],
    "venue": "arXiv.org",
    "year": 2024,
    "tldr": {
        "model": "tldr@v2.0.0",
        "text": "This work uses various multi-task learning methods for financial text classification with the focus on financial sentiment, objectivity, forward-looking sentence prediction and ESG-content detection to extract textual features from annual reports of FTSE350 companies and investigate the link between ESG quantitative scores and these features."
    },
    "citationCount": 0,
    "influentialCitationCount": 0,
    "code": null,
    "description": null,
    "url": null
}