{
    "acronym": "122181c144576a4382fa4402de3d8dc2e223c2dd",
    "title": "Beyond Transformers for Function Learning",
    "seed_ids": [
        "gpt2",
        "525d93a382f6e7873b5d8a2e0713eb3dff7fb250",
        "06e40b7a703079c280f8f0886ac2bd984cd318ce",
        "9405cc0d6169988371b2755e573cc28650d14dfe"
    ],
    "s2id": "122181c144576a4382fa4402de3d8dc2e223c2dd",
    "abstract": "The ability to learn and predict simple functions is a key aspect of human intelligence. Recent works have started to explore this ability using transformer architectures, however it remains unclear whether this is sufficient to recapitulate the extrapolation abilities of people in this domain. Here, we propose to address this gap by augmenting the transformer architecture with two simple inductive learning biases, that are directly adapted from recent models of abstract reasoning in cognitive science. The results we report demonstrate that these biases are helpful in the context of large neural network models, as well as shed light on the types of inductive learning biases that may contribute to human abilities in extrapolation.",
    "authors": [
        "Simon N. Segert",
        "Jonathan D. Cohen"
    ],
    "venue": "Annual Meeting of the Cognitive Science Society",
    "year": 2023,
    "tldr": {
        "model": "tldr@v2.0.0",
        "text": "The results are demonstrated that these biases are helpful in the context of large neural network models, as well as shed light on the types of inductive learning biases that may contribute to human abilities in extrapolation."
    },
    "citationCount": 0,
    "influentialCitationCount": 0,
    "code": null,
    "description": null,
    "url": null
}