{
    "acronym": "1239e1b7c2b543f557179d824a304cbf2cbf59d1",
    "title": "MFTraj: Map-Free, Behavior-Driven Trajectory Prediction for Autonomous Driving",
    "seed_ids": [
        "linformer",
        "c0b79e6a5fd88ef13aa4780df5aae0aaa6b2be87"
    ],
    "s2id": "1239e1b7c2b543f557179d824a304cbf2cbf59d1",
    "abstract": "This paper introduces a trajectory prediction model tailored for autonomous driving, focusing on capturing complex interactions in dynamic traffic scenarios without reliance on high-definition maps. The model, termed MFTraj, harnesses historical trajectory data combined with a novel dynamic geometric graph-based behavior-aware module. At its core, an adaptive structure-aware interactive graph convolutional network captures both positional and behavioral features of road users, preserving spatial-temporal intricacies. Enhanced by a linear attention mechanism, the model achieves computational efficiency and reduced parameter overhead. Evaluations on the Argoverse, NGSIM, HighD, and MoCAD datasets underscore MFTraj's robustness and adaptability, outperforming numerous benchmarks even in data-challenged scenarios without the need for additional information such as HD maps or vectorized maps. Importantly, it maintains competitive performance even in scenarios with substantial missing data (12.5%-50%), outperforming most existing state-of-the-art models. The results and methodology suggest a significant advancement in autonomous driving trajectory prediction, paving the way for safer and efficient autonomous systems.",
    "authors": [
        "Haicheng Liao",
        "Zhenning Li",
        "Chengyue Wang",
        "Huanming Shen",
        "Bonan Wang",
        "Dongping Liao",
        "Guofa Li",
        "Chengzhong Xu"
    ],
    "venue": "Proceedings of the Thirty-ThirdInternational Joint Conference on Artificial Intelligence",
    "year": 2024,
    "tldr": {
        "model": "tldr@v2.0.0",
        "text": "A trajectory prediction model tailored for autonomous driving, focusing on capturing complex interactions in dynamic traffic scenarios without reliance on high-definition maps, outperforming most existing state-of-the-art models."
    },
    "citationCount": 0,
    "influentialCitationCount": 0,
    "code": null,
    "description": null,
    "url": null
}