{
    "acronym": "127b5fdae3d321cbf92a0ab39e97709afafe2191",
    "title": "AI-based disease category prediction model using symptoms from low-resource Ethiopian language: Afaan Oromo text",
    "seed_ids": [
        "gpt3"
    ],
    "s2id": "127b5fdae3d321cbf92a0ab39e97709afafe2191",
    "abstract": null,
    "authors": [
        "Etana Fikadu Dinsa",
        "Mrinal Das",
        "Teklu Urgessa Abebe"
    ],
    "venue": "Scientific Reports",
    "year": 2024,
    "tldr": {
        "model": "tldr@v2.0.0",
        "text": "This study shows that the LSTM model verifies to be the best of all the other models over the entire dataset, employing various classification algorithms, including LSTM, GRU, and Bi-LSTM."
    },
    "citationCount": 0,
    "influentialCitationCount": 0,
    "code": null,
    "description": null,
    "url": null
}