{
    "acronym": "12809bcb734beafeb47876f42e7b438e27fe99fe",
    "title": "General-purpose, long-context autoregressive modeling with Perceiver AR",
    "seed_ids": [
        "luna",
        "routingtransformer",
        "compressivetransformer",
        "0e802c0739771acf70e60d59c2df51cd7e8c50c0",
        "53c3940f35b8b45d55ed49056282e1961954513d",
        "ac2618b2ce5cdcf86f9371bcca98bc5e37e46f51",
        "231e768f0cd280faa0f725bb353262cb4fed08d1",
        "f75d05e759447c2aedb7097728f29f9a520d9bc1",
        "5d032bd2632b6f5847767f39ce247098c6bbc563",
        "af679d69fcc1d0fcf0f039aba937853bcb50a8de",
        "66c10bf1f11bc1b2d92204d8f8391d087f6de1c4",
        "b3bf9fe13195e9aa70e1dac04e01fcff7008e812",
        "9ed25f101f19ea735ca300848948ed64064b97ca",
        "2cd605106b88c85d7d8b865b1ef0f8c8293debf1",
        "0822f8d7e6a72a65e65f147d3a8d8fccd485da40",
        "3fbf6339273c50b04e886fa9bd4ad18c952a683d",
        "bc022dbb37b1bbf3905a7404d19c03ccbf6b81a8",
        "6f68e1bb253925d8431588555d3010419f322e04",
        "c0b79e6a5fd88ef13aa4780df5aae0aaa6b2be87",
        "657329c633709dd1ac34a30d57341b186b1a47c2",
        "b45d656ac8cc2e940609580cf291ee76ffcac20a",
        "f51497f463566581874c941353dd9d80069c5b77",
        "fb507ada871d1e8c29e376dbf7b7879689aa89f9"
    ],
    "s2id": "12809bcb734beafeb47876f42e7b438e27fe99fe",
    "abstract": "Real-world data is high-dimensional: a book, image, or musical performance can easily contain hundreds of thousands of elements even after compression. However, the most commonly used autoregressive models, Transformers, are prohibitively expensive to scale to the number of inputs and layers needed to capture this long-range structure. We develop Perceiver AR, an autoregressive, modality-agnostic architecture which uses cross-attention to map long-range inputs to a small number of latents while also maintaining end-to-end causal masking. Perceiver AR can directly attend to over a hundred thousand tokens, enabling practical long-context density estimation without the need for hand-crafted sparsity patterns or memory mechanisms. When trained on images or music, Perceiver AR generates outputs with clear long-term coherence and structure. Our architecture also obtains state-of-the-art likelihood on long-sequence benchmarks, including 64 x 64 ImageNet images and PG-19 books.",
    "authors": [
        "Curtis Hawthorne",
        "Andrew Jaegle",
        "C\u0103t\u0103lina Cangea",
        "Sebastian Borgeaud",
        "C. Nash",
        "Mateusz Malinowski",
        "S. Dieleman",
        "O. Vinyals",
        "M. Botvinick",
        "Ian Simon",
        "Hannah Sheahan",
        "Neil Zeghidour",
        "Jean-Baptiste Alayrac",
        "Jo\u00e3o Carreira",
        "Jesse Engel"
    ],
    "venue": "International Conference on Machine Learning",
    "year": 2022,
    "tldr": {
        "model": "tldr@v2.0.0",
        "text": "Perceiver AR is developed, an autoregressive, modality-agnostic architecture which uses cross-attention to map long-range inputs to a small number of latents while also maintaining end-to-end causal masking."
    },
    "citationCount": 56,
    "influentialCitationCount": 7,
    "code": null,
    "description": null,
    "url": null
}