{
    "acronym": "128fc3e518a9616cd2780d974d32b4ef47ba5901",
    "title": "PointGPT: Auto-regressively Generative Pre-training from Point Clouds",
    "seed_ids": [
        "gpt",
        "34103f1294844c447fe8872bf5c3ab1c7ce32103",
        "6351ebb4a3287f5f3e1273464b3b91e5df5a16d7",
        "bc022dbb37b1bbf3905a7404d19c03ccbf6b81a8",
        "9405cc0d6169988371b2755e573cc28650d14dfe"
    ],
    "s2id": "128fc3e518a9616cd2780d974d32b4ef47ba5901",
    "abstract": "Large language models (LLMs) based on the generative pre-training transformer (GPT) have demonstrated remarkable effectiveness across a diverse range of downstream tasks. Inspired by the advancements of the GPT, we present PointGPT, a novel approach that extends the concept of GPT to point clouds, addressing the challenges associated with disorder properties, low information density, and task gaps. Specifically, a point cloud auto-regressive generation task is proposed to pre-train transformer models. Our method partitions the input point cloud into multiple point patches and arranges them in an ordered sequence based on their spatial proximity. Then, an extractor-generator based transformer decoder, with a dual masking strategy, learns latent representations conditioned on the preceding point patches, aiming to predict the next one in an auto-regressive manner. Our scalable approach allows for learning high-capacity models that generalize well, achieving state-of-the-art performance on various downstream tasks. In particular, our approach achieves classification accuracies of 94.9% on the ModelNet40 dataset and 93.4% on the ScanObjectNN dataset, outperforming all other transformer models. Furthermore, our method also attains new state-of-the-art accuracies on all four few-shot learning benchmarks.",
    "authors": [
        "Guang-Sheng Chen",
        "Meiling Wang",
        "Yi Yang",
        "Kai Yu",
        "Li Yuan",
        "Yufeng Yue"
    ],
    "venue": "Neural Information Processing Systems",
    "year": 2023,
    "tldr": {
        "model": "tldr@v2.0.0",
        "text": "PointGPT is presented, a novel approach that extends the concept of GPT to point clouds, addressing the challenges associated with disorder properties, low information density, and task gaps, and attains new state-of-the-art accuracies on all four few-shot learning benchmarks."
    },
    "citationCount": 28,
    "influentialCitationCount": 8,
    "code": null,
    "description": null,
    "url": null
}