{
    "acronym": "12aa5c0c9fa3077f41f153cdccfa2aacf8940be3",
    "title": "From static to dynamic word representations: a survey",
    "seed_ids": [
        "gpt",
        "80f9f109d1564cb8f82aa440a5f6f3fbe220c9ef",
        "791c3c30f2af10ac06f4fbc5b1e8960064aacbc7",
        "e0c6abdbdecf04ffac65c440da77fb9d66bb474c",
        "145b8b5d99a2beba6029418ca043585b90138d12",
        "031e4e43aaffd7a479738dcea69a2d5be7957aa3",
        "f6fbb6809374ca57205bd2cf1421d4f4fa04f975",
        "ec4eba83f6b3266d9ae7cabb2b2cb1518f727edc",
        "9405cc0d6169988371b2755e573cc28650d14dfe"
    ],
    "s2id": "12aa5c0c9fa3077f41f153cdccfa2aacf8940be3",
    "abstract": null,
    "authors": [
        "Yuxuan Wang",
        "Yutai Hou",
        "Wanxiang Che",
        "Ting Liu"
    ],
    "venue": "International Journal of Machine Learning and Cybernetics",
    "year": 2020,
    "tldr": {
        "model": "tldr@v2.0.0",
        "text": "This survey provides a comprehensive typology of word representation models from a novel perspective that the development from static to dynamic embeddings can effectively address the polysemy problem."
    },
    "citationCount": 55,
    "influentialCitationCount": 2,
    "code": null,
    "description": null,
    "url": null
}