{
    "acronym": "12d49ca3ca60daad96b97ba1f421f0e236bbe25f",
    "title": "Describing UI Screenshots in Natural Language",
    "seed_ids": [
        "gpt2",
        "9405cc0d6169988371b2755e573cc28650d14dfe"
    ],
    "s2id": "12d49ca3ca60daad96b97ba1f421f0e236bbe25f",
    "abstract": "Being able to describe any user interface (UI) screenshot in natural language can promote understanding of the main purpose of the UI, yet currently it cannot be accomplished with state-of-the-art captioning systems. We introduce XUI, a novel method inspired by the global precedence effect to create informative descriptions of UIs, starting with an overview and then providing fine-grained descriptions about the most salient elements. XUI builds upon computational models for topic classification, visual saliency prediction, and natural language generation (NLG). XUI provides descriptions with up to three different granularity levels that, together, describe what is in the interface and what the user can do with it. We found that XUI descriptions are highly readable, are perceived to accurately describe the UI, and score similarly to human-generated UI descriptions. XUI is available as open-source software.",
    "authors": [
        "Luis A. Leiva",
        "Asutosh Hota",
        "A. Oulasvirta"
    ],
    "venue": "ACM Transactions on Intelligent Systems and Technology",
    "year": 2022,
    "tldr": {
        "model": "tldr@v2.0.0",
        "text": "XUI is introduced, a novel method inspired by the global precedence effect to create informative descriptions of UIs, starting with an overview and then providing fine-grained descriptions about the most salient elements, found to be highly readable, perceived to accurately describe the UI, and score similarly to human-generated UI descriptions."
    },
    "citationCount": 5,
    "influentialCitationCount": 0,
    "code": null,
    "description": null,
    "url": null
}